feature,ks,p,smd,p_fdr
original_firstorder_RootMeanSquared,0.984,1.0717226576947188e-111,-0.8642,1.146743243733349e-109
original_firstorder_Mean,0.9823,4.72091554158567e-109,-0.8675,2.5256898147483333e-107
original_firstorder_10Percentile,0.9784,1.0366452750047687e-103,-0.8883,3.697368147517009e-102
original_firstorder_90Percentile,0.9768,1.0125266906684398e-101,-0.849,2.708508897538077e-100
original_firstorder_Median,0.9768,1.0125266906684398e-101,-0.8654,2.1668071180304613e-100
original_firstorder_Maximum,0.9336,1.8918735313696872e-73,-0.8131,3.373841130942609e-72
original_firstorder_Minimum,0.9181,8.253799634454232e-68,-0.8577,1.261652229838004e-66
original_firstorder_MeanAbsoluteDeviation,0.7947,1.8612479461183433e-42,-0.7517,2.489419127933284e-41
original_firstorder_RobustMeanAbsoluteDeviation,0.7865,2.6837637671188117e-41,-0.7538,3.190696923130143e-40
original_firstorder_Variance,0.7853,3.8577160347809217e-41,-0.5094,4.127756157215586e-40
original_firstorder_InterquartileRange,0.7804,1.8256976307461289e-40,-0.7472,1.7759058771803254e-39
original_firstorder_Range,0.636,7.075992287002786e-25,-0.6672,6.309426455910817e-24
original_firstorder_Energy,0.453,4.328648550711023e-12,-0.1875,3.5628107302006114e-11
original_firstorder_TotalEnergy,0.453,4.328648550711023e-12,-0.1875,3.308324249471996e-11
original_glcm_Idm,0.3821,1.1897231866342395e-08,0.6535,8.486692064657575e-08
original_glcm_SumSquares,0.3776,1.8858022587942003e-08,-0.7542,1.2611302605686214e-07
original_gldm_GrayLevelVariance,0.3666,5.4363678336777355e-08,-0.8131,3.4217138717853983e-07
original_gldm_DependenceVariance,0.3643,6.967135679492031e-08,0.5289,4.141575098364708e-07
original_glcm_Id,0.3616,8.971266973745173e-08,0.6907,5.052239822056492e-07
original_glszm_LargeAreaEmphasis,0.3594,1.0810818329431982e-07,0.1207,5.78378780624611e-07
original_glrlm_GrayLevelVariance,0.3593,1.1130831212291525e-07,-0.818,5.671423522453301e-07
original_glszm_ZoneVariance,0.3577,1.2618659850360814e-07,0.1208,6.137257290857305e-07
original_glrlm_RunLengthNonUniformityNormalized,0.3577,1.298876537436655e-07,-0.6032,6.042599543727047e-07
original_shape_SurfaceVolumeRatio,0.3572,1.3403731924377382e-07,-0.7359,5.975830482951583e-07
original_glszm_GrayLevelVariance,0.356,1.514360273846549e-07,-0.8078,6.481461972063229e-07
original_glszm_ZonePercentage,0.3543,1.791037275156171e-07,-0.7561,7.370807247758088e-07
original_ngtdm_Strength,0.3516,2.2485729200827365e-07,-0.7435,8.911011201809363e-07
original_gldm_DependenceNonUniformityNormalized,0.3511,2.387974267215043e-07,-0.7228,9.12547309257177e-07
original_glrlm_ShortRunEmphasis,0.3505,2.533119642933457e-07,-0.4616,9.34633799289241e-07
original_gldm_LargeDependenceEmphasis,0.3472,3.4179347396801063e-07,0.2811,1.2190633904859046e-06
original_glcm_Imc1,0.3467,3.525094224299252e-07,0.7532,1.2167260709678063e-06
original_shape_MeshVolume,0.3461,3.738911990014415e-07,0.2819,1.25019869666107e-06
original_firstorder_Kurtosis,0.346,3.8224990717150575e-07,0.1289,1.2394163656773065e-06
original_shape_Flatness,0.3449,4.2378386932995227e-07,0.5474,1.3336727652442615e-06
original_ngtdm_Contrast,0.3439,4.5965778971979177e-07,-0.2891,1.4052395285719348e-06
original_glcm_Idn,0.3422,5.324167163811566e-07,0.77,1.58246079591066e-06
original_glcm_MCC,0.3417,5.493209054296955e-07,-0.7456,1.588576672458849e-06
original_glrlm_RunPercentage,0.3416,5.638554971820753e-07,-0.5034,1.5876983736442647e-06
original_shape_VoxelVolume,0.3411,5.815700286904146e-07,0.2829,1.5556998267468592e-06
original_glcm_DifferenceAverage,0.3411,5.815700286904146e-07,-0.7594,1.5955895658942146e-06
original_glcm_Idmn,0.3389,7.126716820016199e-07,0.7318,1.859899267662764e-06
original_gldm_SmallDependenceLowGrayLevelEmphasis,0.3388,7.27635911856872e-07,-0.6426,1.8537391087782216e-06
original_glszm_LargeAreaHighGrayLevelEmphasis,0.3377,7.978299303434966e-07,0.1021,1.985297733645445e-06
original_shape_Maximum2DDiameterColumn,0.3372,8.236176817222329e-07,0.464,1.958379820983976e-06
original_glcm_Contrast,0.3372,8.236176817222329e-07,-0.6909,2.0028884532790663e-06
original_shape_LeastAxisLength,0.3361,9.219010539407435e-07,0.4881,2.144422016775208e-06
original_gldm_DependenceEntropy,0.335,1.0066361866289952e-06,0.6412,2.2917036589213295e-06
original_glrlm_LongRunEmphasis,0.3334,1.1612941859251436e-06,0.1402,2.5887182894581326e-06
original_glrlm_RunVariance,0.3334,1.1612941859251436e-06,0.1428,2.535887303958987e-06
original_gldm_GrayLevelNonUniformity,0.3328,1.19799692610556e-06,0.2283,2.5637134218658985e-06
original_glszm_LowGrayLevelZoneEmphasis,0.3323,1.265858144638976e-06,-0.6474,2.65582002894844e-06
original_glcm_ClusterTendency,0.3322,1.2960113395799056e-06,-0.6475,2.666792564135575e-06
original_glrlm_RunLengthNonUniformity,0.3317,1.3387024623279231e-06,0.275,2.7026634616809013e-06
original_glcm_InverseVariance,0.3306,1.4939616143072598e-06,0.6286,2.960257272794015e-06
original_glszm_SmallAreaLowGrayLevelEmphasis,0.3306,1.4939616143072598e-06,-0.6584,2.9064344132886693e-06
original_glszm_GrayLevelNonUniformity,0.33,1.5420731646065278e-06,0.3145,2.9464612252303298e-06
original_gldm_SmallDependenceEmphasis,0.3294,1.6547361114671588e-06,-0.7442,3.106259016262912e-06
original_glcm_ClusterProminence,0.325,2.399728175173088e-06,-0.5225,4.427084736957249e-06
original_shape_Maximum2DDiameterRow,0.3234,2.6958928789344583e-06,0.4831,4.889161661796391e-06
original_glszm_SmallAreaEmphasis,0.3216,3.1937518050195735e-06,-0.624,5.695524052284906e-06
original_shape_SurfaceArea,0.3212,3.2649465405709677e-06,0.3046,5.727037374444157e-06
original_gldm_LargeDependenceHighGrayLevelEmphasis,0.3207,3.3703176408605984e-06,0.0771,5.816515928582e-06
original_glcm_Imc2,0.32,3.631025583872294e-06,-0.5612,6.166979959910086e-06
original_shape_MinorAxisLength,0.319,3.866134977603686e-06,0.4456,6.463694415681162e-06
original_glrlm_GrayLevelNonUniformity,0.3185,4.0694471989954906e-06,0.3288,6.6989361583464225e-06
original_shape_Maximum2DDiameterSlice,0.3184,4.161678075598196e-06,0.4996,6.746962940742531e-06
original_glszm_SizeZoneNonUniformity,0.314,5.9193843109373034e-06,0.3013,9.45334509358644e-06
original_ngtdm_Coarseness,0.3113,7.34007281066873e-06,-0.6095,1.1549820452081678e-05
original_gldm_DependenceNonUniformity,0.3101,8.13433607105285e-06,0.3072,1.2614115356560216e-05
original_glszm_ZoneEntropy,0.3029,1.4423331288759833e-05,0.6452,2.20470921128186e-05
original_shape_Elongation,0.3018,1.5904525871635045e-05,0.211,2.396879251077394e-05
original_shape_Maximum3DDiameter,0.3002,1.7740757252249217e-05,0.4579,2.6364736472092587e-05
original_glszm_SizeZoneNonUniformityNormalized,0.3001,1.822172009424694e-05,-0.6171,2.670854863129346e-05
original_gldm_SmallDependenceHighGrayLevelEmphasis,0.2969,2.28786453115859e-05,-0.6793,3.3081284437022855e-05
original_glcm_JointEntropy,0.2957,2.5213237254351206e-05,0.5237,3.5970885149541055e-05
original_glszm_SmallAreaHighGrayLevelEmphasis,0.2947,2.6833341792542598e-05,-0.4435,3.777852068160602e-05
original_gldm_HighGrayLevelEmphasis,0.2919,3.333528903859406e-05,-0.5597,4.6323063988695646e-05
original_shape_MajorAxisLength,0.2808,7.595414523886568e-05,0.4005,0.00010419350693023882
original_glrlm_HighGrayLevelRunEmphasis,0.2759,0.00010833545575605896,-0.5271,0.00014673283247972543
original_glrlm_ShortRunLowGrayLevelEmphasis,0.2747,0.00011837963145300279,-0.4246,0.00015833275706839123
original_glrlm_ShortRunHighGrayLevelEmphasis,0.2741,0.00012374947011328796,-0.558,0.00016347152224841744
original_glrlm_LowGrayLevelRunEmphasis,0.2598,0.00032849199083395675,-0.1187,0.00042864198803943136
original_glcm_SumAverage,0.2582,0.0003666761481745384,-0.5796,0.00046707556969851916
original_glcm_JointAverage,0.2582,0.0003666761481745384,-0.5796,0.00047270298620091095
original_glcm_DifferenceVariance,0.257,0.000398005853845973,-0.4077,0.0005010191336649307
original_glcm_Correlation,0.2498,0.0006366017735990326,0.4917,0.0007920510438964708
original_glszm_LargeAreaLowGrayLevelEmphasis,0.2496,0.0006484223287469559,0.12,0.000797484933056601
original_ngtdm_Busyness,0.2414,0.0010929198777982485,0.4021,0.001328891215050143
original_shape_Sphericity,0.2376,0.0013782447745295245,-0.1115,0.001656990908704035
original_glcm_SumEntropy,0.2277,0.002459218269766139,0.425,0.002923737276277521
original_gldm_LowGrayLevelEmphasis,0.2267,0.002614174337563835,-0.0883,0.003073809385926707
original_ngtdm_Complexity,0.2199,0.003891121798856312,-0.2186,0.004525543831278536
original_glrlm_RunEntropy,0.2195,0.003948344801237513,0.438,0.004494392486515042
original_glcm_JointEnergy,0.2195,0.003948344801237513,-0.1617,0.004542719287445311
original_glcm_Autocorrelation,0.2176,0.004438698200450619,-0.4737,0.004999375867875961
original_gldm_LargeDependenceLowGrayLevelEmphasis,0.2098,0.006787680914207672,0.1464,0.007565436018960634
original_glszm_GrayLevelNonUniformityNormalized,0.1996,0.01146702280721823,-0.4069,0.01264919010693145
original_glcm_MaximumProbability,0.189,0.019595564571674662,-0.1228,0.021395157236420295
original_glrlm_LongRunLowGrayLevelEmphasis,0.1813,0.02815422722793426,0.1199,0.03042931629685824
original_glrlm_LongRunHighGrayLevelEmphasis,0.1773,0.03389711059395417,-0.3385,0.03626990833553097
original_glcm_DifferenceEntropy,0.1531,0.09373453918389418,0.268,0.09930292765026413
original_glszm_HighGrayLevelZoneEmphasis,0.1371,0.17022905238613328,-0.1782,0.1785736137776104
original_glcm_ClusterShade,0.1313,0.20818294758188416,0.2173,0.21626772224525828
original_firstorder_Entropy,0.1159,0.3375970633779307,0.0715,0.3473354402061402
original_firstorder_Skewness,0.0919,0.6246260174304548,0.1534,0.6365236558577015
original_glrlm_GrayLevelNonUniformityNormalized,0.0916,0.6278648046753593,0.0646,0.6337880575496552
original_firstorder_Uniformity,0.0866,0.6951099083535371,0.0799,0.6951099083535371
