feature,importance,importance_std,importance_type
n_cases_patient,0.06736111111111104,0.05994387163767104,permutation_roc_auc_locked_test
patient_original_glrlm_graylevelnonuniformity_mean,0.022222222222222143,0.11140585905641932,permutation_roc_auc_locked_test
patient_meta_final_resolution_confidence_n_unique,0.008333333333333293,0.011111111111111094,permutation_roc_auc_locked_test
mean_lesion_volume_cc,0.0041666666666666016,0.0201747764532416,permutation_roc_auc_locked_test
volume_entropy_patient,0.0,0.0,permutation_roc_auc_locked_test
count_cat_lesion,0.0,0.0,permutation_roc_auc_locked_test
cv_lesion_volume_cc,0.0,0.0,permutation_roc_auc_locked_test
patient_original_shape_sphericity_cv,0.0,0.0,permutation_roc_auc_locked_test
patient_original_shape_sphericity_iqr,0.0,0.0,permutation_roc_auc_locked_test
patient_original_shape_sphericity_max,0.0,0.0,permutation_roc_auc_locked_test
patient_original_shape_sphericity_mean,0.0,0.0,permutation_roc_auc_locked_test
patient_original_shape_sphericity_min,0.0,0.0,permutation_roc_auc_locked_test
patient_original_shape_sphericity_std,0.0,0.0,permutation_roc_auc_locked_test
patient_original_shape_surfacearea_cv,0.0,0.0,permutation_roc_auc_locked_test
patient_original_shape_surfacearea_iqr,0.0,0.0,permutation_roc_auc_locked_test
patient_original_shape_surfacearea_max,0.0,0.0,permutation_roc_auc_locked_test
patient_original_shape_surfacearea_mean,0.0,0.0,permutation_roc_auc_locked_test
patient_original_shape_surfacearea_min,0.0,0.0,permutation_roc_auc_locked_test
patient_original_shape_surfacearea_std,0.0,0.0,permutation_roc_auc_locked_test
patient_original_shape_surfacevolumeratio_cv,0.0,0.0,permutation_roc_auc_locked_test
global_radiomics_cv_mean,0.0,0.0,permutation_roc_auc_locked_test
global_radiomics_cv_max,0.0,0.0,permutation_roc_auc_locked_test
entropy_mask_descriptor_canonical_patient,0.0,0.0,permutation_roc_auc_locked_test
n_unique_magnetic_field_strength_label_patient,0.0,0.0,permutation_roc_auc_locked_test
n_unique_mask_descriptor_canonical_patient,0.0,0.0,permutation_roc_auc_locked_test
n_unique_pixel_spacing_patient,0.0,0.0,permutation_roc_auc_locked_test
n_unique_segmentation_name_patient,0.0,0.0,permutation_roc_auc_locked_test
n_unique_segmentation_names_patient,0.0,0.0,permutation_roc_auc_locked_test
n_visits_patient,0.0,0.0,permutation_roc_auc_locked_test
pairwise_euclidean_max,0.0,0.0,permutation_roc_auc_locked_test
pairwise_euclidean_mean,0.0,0.0,permutation_roc_auc_locked_test
pairwise_euclidean_std,0.0,0.0,permutation_roc_auc_locked_test
patient_meta_age_max,0.0,0.0,permutation_roc_auc_locked_test
patient_meta_age_mean,0.0,0.0,permutation_roc_auc_locked_test
patient_meta_age_min,0.0,0.0,permutation_roc_auc_locked_test
patient_meta_age_std,0.0,0.0,permutation_roc_auc_locked_test
patient_original_shape_minoraxislength_mean,0.0,0.0,permutation_roc_auc_locked_test
patient_original_shape_minoraxislength_min,0.0,0.0,permutation_roc_auc_locked_test
patient_original_shape_minoraxislength_std,0.0,0.0,permutation_roc_auc_locked_test
patient_meta_bbox_dim_0_std,0.0,0.0,permutation_roc_auc_locked_test
patient_meta_bbox_dim_1_max,0.0,0.0,permutation_roc_auc_locked_test
patient_meta_bbox_dim_1_mean,0.0,0.0,permutation_roc_auc_locked_test
patient_meta_bbox_dim_1_min,0.0,0.0,permutation_roc_auc_locked_test
patient_meta_bbox_dim_1_std,0.0,0.0,permutation_roc_auc_locked_test
patient_meta_bbox_dim_2_max,0.0,0.0,permutation_roc_auc_locked_test
patient_meta_bbox_dim_2_mean,0.0,0.0,permutation_roc_auc_locked_test
patient_meta_bbox_dim_2_min,0.0,0.0,permutation_roc_auc_locked_test
patient_meta_bbox_dim_2_std,0.0,0.0,permutation_roc_auc_locked_test
patient_meta_final_resolution_source_n_unique,0.0,0.0,permutation_roc_auc_locked_test
patient_meta_gender_n_unique,0.0,0.0,permutation_roc_auc_locked_test
patient_meta_initial_mask_category_n_unique,0.0,0.0,permutation_roc_auc_locked_test
n_medium_lesions_gt_0_1cc_le_1cc,0.0,0.0,permutation_roc_auc_locked_test
n_rows_patient,0.0,0.0,permutation_roc_auc_locked_test
n_small_lesions_le_0_1cc,0.0,0.0,permutation_roc_auc_locked_test
patient_meta_magnetic_field_strength_id_mean,0.0,0.0,permutation_roc_auc_locked_test
patient_meta_magnetic_field_strength_id_min,0.0,0.0,permutation_roc_auc_locked_test
patient_meta_magnetic_field_strength_id_std,0.0,0.0,permutation_roc_auc_locked_test
patient_meta_manufacturer_n_unique,0.0,0.0,permutation_roc_auc_locked_test
patient_meta_mask_descriptor_canonical_n_unique,0.0,0.0,permutation_roc_auc_locked_test
patient_meta_mask_descriptor_source_n_unique,0.0,0.0,permutation_roc_auc_locked_test
patient_meta_mask_fill_ratio_in_bbox_min,0.0,0.0,permutation_roc_auc_locked_test
patient_meta_mask_fill_ratio_in_bbox_std,0.0,0.0,permutation_roc_auc_locked_test
patient_meta_mask_volume_cc_max,0.0,0.0,permutation_roc_auc_locked_test
patient_meta_mask_volume_cc_mean,0.0,0.0,permutation_roc_auc_locked_test
patient_meta_mask_volume_cc_min,0.0,0.0,permutation_roc_auc_locked_test
patient_meta_mask_volume_cc_std,0.0,0.0,permutation_roc_auc_locked_test
patient_meta_mask_voxel_count_max,0.0,0.0,permutation_roc_auc_locked_test
patient_meta_bbox_dim_0_max,0.0,0.0,permutation_roc_auc_locked_test
patient_meta_bbox_dim_0_mean,0.0,0.0,permutation_roc_auc_locked_test
patient_meta_bbox_dim_0_min,0.0,0.0,permutation_roc_auc_locked_test
patient_meta_mask_voxel_count_min,0.0,0.0,permutation_roc_auc_locked_test
patient_meta_mask_voxel_count_std,0.0,0.0,permutation_roc_auc_locked_test
patient_meta_n_components_max,0.0,0.0,permutation_roc_auc_locked_test
patient_meta_n_components_mean,0.0,0.0,permutation_roc_auc_locked_test
patient_meta_n_components_min,0.0,0.0,permutation_roc_auc_locked_test
patient_meta_n_components_std,0.0,0.0,permutation_roc_auc_locked_test
patient_meta_n_slices_involved_max,0.0,0.0,permutation_roc_auc_locked_test
patient_meta_n_slices_involved_mean,0.0,0.0,permutation_roc_auc_locked_test
patient_meta_n_slices_involved_min,0.0,0.0,permutation_roc_auc_locked_test
patient_meta_n_slices_involved_std,0.0,0.0,permutation_roc_auc_locked_test
patient_meta_pixel_spacing_n_unique,0.0,0.0,permutation_roc_auc_locked_test
patient_meta_sex_n_unique,0.0,0.0,permutation_roc_auc_locked_test
patient_meta_year_max,0.0,0.0,permutation_roc_auc_locked_test
patient_meta_year_mean,0.0,0.0,permutation_roc_auc_locked_test
patient_meta_year_min,0.0,0.0,permutation_roc_auc_locked_test
patient_meta_magnetic_field_strength_id_max,0.0,0.0,permutation_roc_auc_locked_test
patient_original_firstorder_10percentile_cv,0.0,0.0,permutation_roc_auc_locked_test
patient_original_firstorder_10percentile_iqr,0.0,0.0,permutation_roc_auc_locked_test
patient_original_firstorder_10percentile_max,0.0,0.0,permutation_roc_auc_locked_test
patient_original_firstorder_10percentile_mean,0.0,0.0,permutation_roc_auc_locked_test
patient_original_firstorder_10percentile_min,0.0,0.0,permutation_roc_auc_locked_test
patient_original_firstorder_10percentile_std,0.0,0.0,permutation_roc_auc_locked_test
patient_original_firstorder_90percentile_cv,0.0,0.0,permutation_roc_auc_locked_test
patient_original_firstorder_90percentile_iqr,0.0,0.0,permutation_roc_auc_locked_test
patient_original_firstorder_90percentile_max,0.0,0.0,permutation_roc_auc_locked_test
patient_original_firstorder_90percentile_mean,0.0,0.0,permutation_roc_auc_locked_test
patient_original_firstorder_90percentile_min,0.0,0.0,permutation_roc_auc_locked_test
patient_original_firstorder_90percentile_std,0.0,0.0,permutation_roc_auc_locked_test
patient_original_firstorder_energy_cv,0.0,0.0,permutation_roc_auc_locked_test
patient_original_firstorder_energy_iqr,0.0,0.0,permutation_roc_auc_locked_test
patient_original_firstorder_energy_max,0.0,0.0,permutation_roc_auc_locked_test
patient_meta_mask_voxel_count_mean,0.0,0.0,permutation_roc_auc_locked_test
patient_original_firstorder_energy_min,0.0,0.0,permutation_roc_auc_locked_test
patient_original_firstorder_energy_std,0.0,0.0,permutation_roc_auc_locked_test
patient_original_firstorder_entropy_cv,0.0,0.0,permutation_roc_auc_locked_test
patient_original_firstorder_entropy_iqr,0.0,0.0,permutation_roc_auc_locked_test
patient_original_firstorder_entropy_max,0.0,0.0,permutation_roc_auc_locked_test
patient_original_firstorder_entropy_mean,0.0,0.0,permutation_roc_auc_locked_test
patient_original_firstorder_entropy_min,0.0,0.0,permutation_roc_auc_locked_test
patient_original_firstorder_entropy_std,0.0,0.0,permutation_roc_auc_locked_test
patient_original_firstorder_interquartilerange_cv,0.0,0.0,permutation_roc_auc_locked_test
patient_original_firstorder_interquartilerange_iqr,0.0,0.0,permutation_roc_auc_locked_test
patient_original_firstorder_interquartilerange_max,0.0,0.0,permutation_roc_auc_locked_test
patient_original_firstorder_interquartilerange_mean,0.0,0.0,permutation_roc_auc_locked_test
patient_original_firstorder_interquartilerange_min,0.0,0.0,permutation_roc_auc_locked_test
patient_original_firstorder_interquartilerange_std,0.0,0.0,permutation_roc_auc_locked_test
patient_original_firstorder_kurtosis_cv,0.0,0.0,permutation_roc_auc_locked_test
patient_meta_year_std,0.0,0.0,permutation_roc_auc_locked_test
patient_original_firstorder_kurtosis_max,0.0,0.0,permutation_roc_auc_locked_test
patient_original_firstorder_kurtosis_mean,0.0,0.0,permutation_roc_auc_locked_test
patient_original_firstorder_kurtosis_min,0.0,0.0,permutation_roc_auc_locked_test
patient_original_firstorder_kurtosis_std,0.0,0.0,permutation_roc_auc_locked_test
patient_original_firstorder_maximum_cv,0.0,0.0,permutation_roc_auc_locked_test
patient_original_firstorder_maximum_iqr,0.0,0.0,permutation_roc_auc_locked_test
patient_original_firstorder_maximum_max,0.0,0.0,permutation_roc_auc_locked_test
patient_original_firstorder_maximum_mean,0.0,0.0,permutation_roc_auc_locked_test
patient_original_firstorder_maximum_min,0.0,0.0,permutation_roc_auc_locked_test
patient_original_firstorder_maximum_std,0.0,0.0,permutation_roc_auc_locked_test
patient_original_firstorder_mean_cv,0.0,0.0,permutation_roc_auc_locked_test
patient_original_firstorder_mean_iqr,0.0,0.0,permutation_roc_auc_locked_test
patient_original_firstorder_mean_max,0.0,0.0,permutation_roc_auc_locked_test
patient_original_firstorder_mean_mean,0.0,0.0,permutation_roc_auc_locked_test
patient_original_firstorder_mean_min,0.0,0.0,permutation_roc_auc_locked_test
patient_original_firstorder_energy_mean,0.0,0.0,permutation_roc_auc_locked_test
patient_original_firstorder_median_cv,0.0,0.0,permutation_roc_auc_locked_test
patient_original_firstorder_median_iqr,0.0,0.0,permutation_roc_auc_locked_test
patient_original_firstorder_median_max,0.0,0.0,permutation_roc_auc_locked_test
patient_original_firstorder_median_mean,0.0,0.0,permutation_roc_auc_locked_test
patient_original_firstorder_median_min,0.0,0.0,permutation_roc_auc_locked_test
patient_original_firstorder_median_std,0.0,0.0,permutation_roc_auc_locked_test
patient_original_firstorder_minimum_cv,0.0,0.0,permutation_roc_auc_locked_test
patient_original_firstorder_minimum_iqr,0.0,0.0,permutation_roc_auc_locked_test
patient_original_firstorder_minimum_max,0.0,0.0,permutation_roc_auc_locked_test
patient_original_firstorder_minimum_mean,0.0,0.0,permutation_roc_auc_locked_test
patient_original_firstorder_minimum_min,0.0,0.0,permutation_roc_auc_locked_test
patient_original_firstorder_minimum_std,0.0,0.0,permutation_roc_auc_locked_test
patient_original_firstorder_range_cv,0.0,0.0,permutation_roc_auc_locked_test
patient_original_firstorder_range_iqr,0.0,0.0,permutation_roc_auc_locked_test
patient_original_firstorder_range_max,0.0,0.0,permutation_roc_auc_locked_test
patient_original_firstorder_kurtosis_iqr,0.0,0.0,permutation_roc_auc_locked_test
patient_original_firstorder_range_min,0.0,0.0,permutation_roc_auc_locked_test
patient_original_firstorder_range_std,0.0,0.0,permutation_roc_auc_locked_test
patient_original_firstorder_rootmeansquared_cv,0.0,0.0,permutation_roc_auc_locked_test
patient_original_firstorder_rootmeansquared_iqr,0.0,0.0,permutation_roc_auc_locked_test
patient_original_firstorder_rootmeansquared_max,0.0,0.0,permutation_roc_auc_locked_test
patient_original_firstorder_rootmeansquared_mean,0.0,0.0,permutation_roc_auc_locked_test
patient_original_firstorder_rootmeansquared_min,0.0,0.0,permutation_roc_auc_locked_test
patient_original_firstorder_rootmeansquared_std,0.0,0.0,permutation_roc_auc_locked_test
patient_original_firstorder_totalenergy_cv,0.0,0.0,permutation_roc_auc_locked_test
patient_original_firstorder_totalenergy_iqr,0.0,0.0,permutation_roc_auc_locked_test
patient_original_firstorder_totalenergy_max,0.0,0.0,permutation_roc_auc_locked_test
patient_original_firstorder_totalenergy_mean,0.0,0.0,permutation_roc_auc_locked_test
patient_original_firstorder_totalenergy_min,0.0,0.0,permutation_roc_auc_locked_test
patient_original_firstorder_totalenergy_std,0.0,0.0,permutation_roc_auc_locked_test
patient_original_firstorder_variance_cv,0.0,0.0,permutation_roc_auc_locked_test
patient_original_firstorder_mean_std,0.0,0.0,permutation_roc_auc_locked_test
patient_original_firstorder_variance_iqr,0.0,0.0,permutation_roc_auc_locked_test
patient_original_firstorder_variance_mean,0.0,0.0,permutation_roc_auc_locked_test
patient_original_firstorder_variance_min,0.0,0.0,permutation_roc_auc_locked_test
patient_original_firstorder_variance_std,0.0,0.0,permutation_roc_auc_locked_test
patient_original_glcm_autocorrelation_cv,0.0,0.0,permutation_roc_auc_locked_test
patient_original_glcm_autocorrelation_iqr,0.0,0.0,permutation_roc_auc_locked_test
patient_original_glcm_autocorrelation_max,0.0,0.0,permutation_roc_auc_locked_test
patient_original_glcm_autocorrelation_mean,0.0,0.0,permutation_roc_auc_locked_test
patient_original_glcm_autocorrelation_min,0.0,0.0,permutation_roc_auc_locked_test
patient_original_glcm_autocorrelation_std,0.0,0.0,permutation_roc_auc_locked_test
patient_original_glcm_clusterprominence_cv,0.0,0.0,permutation_roc_auc_locked_test
patient_original_glcm_clusterprominence_iqr,0.0,0.0,permutation_roc_auc_locked_test
patient_original_glcm_clusterprominence_max,0.0,0.0,permutation_roc_auc_locked_test
patient_original_glcm_clusterprominence_mean,0.0,0.0,permutation_roc_auc_locked_test
patient_original_glcm_clusterprominence_min,0.0,0.0,permutation_roc_auc_locked_test
patient_original_firstorder_range_mean,0.0,0.0,permutation_roc_auc_locked_test
patient_original_glcm_clusterprominence_std,0.0,0.0,permutation_roc_auc_locked_test
patient_original_glcm_clustershade_cv,0.0,0.0,permutation_roc_auc_locked_test
patient_original_glcm_clustershade_iqr,0.0,0.0,permutation_roc_auc_locked_test
patient_original_glcm_clustershade_max,0.0,0.0,permutation_roc_auc_locked_test
patient_original_glcm_clustershade_mean,0.0,0.0,permutation_roc_auc_locked_test
patient_original_glcm_clustershade_min,0.0,0.0,permutation_roc_auc_locked_test
patient_original_glcm_clustershade_std,0.0,0.0,permutation_roc_auc_locked_test
patient_original_gldm_dependencenonuniformity_cv,0.0,0.0,permutation_roc_auc_locked_test
patient_original_gldm_dependencenonuniformity_iqr,0.0,0.0,permutation_roc_auc_locked_test
patient_original_gldm_dependencenonuniformity_max,0.0,0.0,permutation_roc_auc_locked_test
patient_original_gldm_dependencenonuniformity_mean,0.0,0.0,permutation_roc_auc_locked_test
patient_original_gldm_dependencenonuniformity_min,0.0,0.0,permutation_roc_auc_locked_test
patient_original_gldm_dependencenonuniformity_std,0.0,0.0,permutation_roc_auc_locked_test
patient_original_gldm_graylevelnonuniformity_cv,0.0,0.0,permutation_roc_auc_locked_test
patient_original_gldm_graylevelnonuniformity_iqr,0.0,0.0,permutation_roc_auc_locked_test
patient_original_gldm_graylevelnonuniformity_max,0.0,0.0,permutation_roc_auc_locked_test
patient_original_gldm_graylevelnonuniformity_mean,0.0,0.0,permutation_roc_auc_locked_test
patient_original_gldm_graylevelnonuniformity_min,0.0,0.0,permutation_roc_auc_locked_test
patient_original_gldm_graylevelnonuniformity_std,0.0,0.0,permutation_roc_auc_locked_test
patient_original_gldm_highgraylevelemphasis_cv,0.0,0.0,permutation_roc_auc_locked_test
patient_original_gldm_highgraylevelemphasis_iqr,0.0,0.0,permutation_roc_auc_locked_test
patient_original_gldm_highgraylevelemphasis_max,0.0,0.0,permutation_roc_auc_locked_test
patient_original_gldm_highgraylevelemphasis_mean,0.0,0.0,permutation_roc_auc_locked_test
patient_original_gldm_highgraylevelemphasis_min,0.0,0.0,permutation_roc_auc_locked_test
patient_original_gldm_highgraylevelemphasis_std,0.0,0.0,permutation_roc_auc_locked_test
patient_original_gldm_largedependencehighgraylevelemphasis_cv,0.0,0.0,permutation_roc_auc_locked_test
patient_original_gldm_largedependencehighgraylevelemphasis_iqr,0.0,0.0,permutation_roc_auc_locked_test
patient_original_gldm_largedependencehighgraylevelemphasis_max,0.0,0.0,permutation_roc_auc_locked_test
patient_original_gldm_largedependencehighgraylevelemphasis_mean,0.0,0.0,permutation_roc_auc_locked_test
patient_original_gldm_largedependencehighgraylevelemphasis_min,0.0,0.0,permutation_roc_auc_locked_test
patient_original_gldm_largedependencehighgraylevelemphasis_std,0.0,0.0,permutation_roc_auc_locked_test
patient_original_glrlm_graylevelnonuniformity_cv,0.0,0.0,permutation_roc_auc_locked_test
patient_original_glrlm_graylevelnonuniformity_iqr,0.0,0.0,permutation_roc_auc_locked_test
patient_original_glrlm_graylevelnonuniformity_max,0.0,0.0,permutation_roc_auc_locked_test
patient_original_shape_surfacevolumeratio_iqr,0.0,0.0,permutation_roc_auc_locked_test
patient_original_glrlm_graylevelnonuniformity_min,0.0,0.0,permutation_roc_auc_locked_test
patient_original_glrlm_graylevelnonuniformity_std,0.0,0.0,permutation_roc_auc_locked_test
patient_original_glrlm_highgraylevelrunemphasis_cv,0.0,0.0,permutation_roc_auc_locked_test
patient_original_glrlm_highgraylevelrunemphasis_iqr,0.0,0.0,permutation_roc_auc_locked_test
patient_original_glrlm_highgraylevelrunemphasis_max,0.0,0.0,permutation_roc_auc_locked_test
patient_original_glrlm_highgraylevelrunemphasis_mean,0.0,0.0,permutation_roc_auc_locked_test
patient_original_glrlm_highgraylevelrunemphasis_min,0.0,0.0,permutation_roc_auc_locked_test
patient_original_glrlm_highgraylevelrunemphasis_std,0.0,0.0,permutation_roc_auc_locked_test
patient_original_glrlm_longrunhighgraylevelemphasis_cv,0.0,0.0,permutation_roc_auc_locked_test
patient_original_glrlm_longrunhighgraylevelemphasis_iqr,0.0,0.0,permutation_roc_auc_locked_test
patient_original_glrlm_longrunhighgraylevelemphasis_max,0.0,0.0,permutation_roc_auc_locked_test
patient_original_glrlm_longrunhighgraylevelemphasis_mean,0.0,0.0,permutation_roc_auc_locked_test
patient_original_glrlm_longrunhighgraylevelemphasis_min,0.0,0.0,permutation_roc_auc_locked_test
patient_original_glrlm_longrunhighgraylevelemphasis_std,0.0,0.0,permutation_roc_auc_locked_test
patient_original_glrlm_runlengthnonuniformity_cv,0.0,0.0,permutation_roc_auc_locked_test
patient_original_glrlm_runlengthnonuniformity_iqr,0.0,0.0,permutation_roc_auc_locked_test
patient_original_glrlm_runlengthnonuniformity_max,0.0,0.0,permutation_roc_auc_locked_test
patient_original_glrlm_runlengthnonuniformity_mean,0.0,0.0,permutation_roc_auc_locked_test
patient_original_glrlm_runlengthnonuniformity_min,0.0,0.0,permutation_roc_auc_locked_test
patient_original_glrlm_runlengthnonuniformity_std,0.0,0.0,permutation_roc_auc_locked_test
patient_original_glszm_graylevelnonuniformity_cv,0.0,0.0,permutation_roc_auc_locked_test
patient_original_glszm_graylevelnonuniformity_iqr,0.0,0.0,permutation_roc_auc_locked_test
patient_original_glszm_graylevelnonuniformity_max,0.0,0.0,permutation_roc_auc_locked_test
patient_original_glszm_graylevelnonuniformity_mean,0.0,0.0,permutation_roc_auc_locked_test
patient_original_glszm_graylevelnonuniformity_min,0.0,0.0,permutation_roc_auc_locked_test
patient_original_glszm_graylevelnonuniformity_std,0.0,0.0,permutation_roc_auc_locked_test
patient_original_glszm_highgraylevelzoneemphasis_cv,0.0,0.0,permutation_roc_auc_locked_test
patient_original_glszm_highgraylevelzoneemphasis_iqr,0.0,0.0,permutation_roc_auc_locked_test
patient_original_glszm_highgraylevelzoneemphasis_max,0.0,0.0,permutation_roc_auc_locked_test
patient_original_glszm_highgraylevelzoneemphasis_mean,0.0,0.0,permutation_roc_auc_locked_test
patient_original_glszm_highgraylevelzoneemphasis_min,0.0,0.0,permutation_roc_auc_locked_test
patient_original_glszm_highgraylevelzoneemphasis_std,0.0,0.0,permutation_roc_auc_locked_test
patient_original_glszm_largeareaemphasis_cv,0.0,0.0,permutation_roc_auc_locked_test
patient_original_glszm_largeareaemphasis_iqr,0.0,0.0,permutation_roc_auc_locked_test
patient_original_glszm_largeareaemphasis_max,0.0,0.0,permutation_roc_auc_locked_test
patient_original_glszm_largeareaemphasis_mean,0.0,0.0,permutation_roc_auc_locked_test
patient_original_glszm_largeareaemphasis_min,0.0,0.0,permutation_roc_auc_locked_test
patient_original_glszm_largeareaemphasis_std,0.0,0.0,permutation_roc_auc_locked_test
patient_original_glszm_largeareahighgraylevelemphasis_cv,0.0,0.0,permutation_roc_auc_locked_test
patient_original_glszm_largeareahighgraylevelemphasis_iqr,0.0,0.0,permutation_roc_auc_locked_test
patient_original_glszm_largeareahighgraylevelemphasis_max,0.0,0.0,permutation_roc_auc_locked_test
patient_original_glszm_largeareahighgraylevelemphasis_mean,0.0,0.0,permutation_roc_auc_locked_test
patient_original_glszm_largeareahighgraylevelemphasis_min,0.0,0.0,permutation_roc_auc_locked_test
patient_original_glszm_largeareahighgraylevelemphasis_std,0.0,0.0,permutation_roc_auc_locked_test
patient_original_glszm_largearealowgraylevelemphasis_cv,0.0,0.0,permutation_roc_auc_locked_test
patient_original_glszm_largearealowgraylevelemphasis_iqr,0.0,0.0,permutation_roc_auc_locked_test
patient_original_glszm_largearealowgraylevelemphasis_max,0.0,0.0,permutation_roc_auc_locked_test
patient_original_glszm_largearealowgraylevelemphasis_mean,0.0,0.0,permutation_roc_auc_locked_test
patient_original_glszm_largearealowgraylevelemphasis_min,0.0,0.0,permutation_roc_auc_locked_test
patient_original_glszm_largearealowgraylevelemphasis_std,0.0,0.0,permutation_roc_auc_locked_test
patient_original_glszm_sizezonenonuniformity_cv,0.0,0.0,permutation_roc_auc_locked_test
patient_original_glszm_sizezonenonuniformity_iqr,0.0,0.0,permutation_roc_auc_locked_test
patient_original_glszm_sizezonenonuniformity_max,0.0,0.0,permutation_roc_auc_locked_test
patient_original_glszm_sizezonenonuniformity_mean,0.0,0.0,permutation_roc_auc_locked_test
patient_original_glszm_sizezonenonuniformity_min,0.0,0.0,permutation_roc_auc_locked_test
patient_original_glszm_sizezonenonuniformity_std,0.0,0.0,permutation_roc_auc_locked_test
patient_original_glszm_zonevariance_cv,0.0,0.0,permutation_roc_auc_locked_test
patient_original_glszm_zonevariance_iqr,0.0,0.0,permutation_roc_auc_locked_test
patient_original_glszm_zonevariance_max,0.0,0.0,permutation_roc_auc_locked_test
patient_original_glszm_zonevariance_mean,0.0,0.0,permutation_roc_auc_locked_test
patient_original_glszm_zonevariance_min,0.0,0.0,permutation_roc_auc_locked_test
patient_original_glszm_zonevariance_std,0.0,0.0,permutation_roc_auc_locked_test
patient_original_ngtdm_complexity_cv,0.0,0.0,permutation_roc_auc_locked_test
patient_original_ngtdm_complexity_iqr,0.0,0.0,permutation_roc_auc_locked_test
patient_original_ngtdm_complexity_max,0.0,0.0,permutation_roc_auc_locked_test
patient_original_ngtdm_complexity_mean,0.0,0.0,permutation_roc_auc_locked_test
patient_original_ngtdm_complexity_min,0.0,0.0,permutation_roc_auc_locked_test
patient_original_ngtdm_complexity_std,0.0,0.0,permutation_roc_auc_locked_test
patient_original_shape_elongation_cv,0.0,0.0,permutation_roc_auc_locked_test
patient_original_shape_elongation_iqr,0.0,0.0,permutation_roc_auc_locked_test
patient_original_shape_elongation_max,0.0,0.0,permutation_roc_auc_locked_test
patient_original_shape_elongation_mean,0.0,0.0,permutation_roc_auc_locked_test
patient_original_shape_elongation_min,0.0,0.0,permutation_roc_auc_locked_test
patient_original_shape_elongation_std,0.0,0.0,permutation_roc_auc_locked_test
patient_original_shape_flatness_cv,0.0,0.0,permutation_roc_auc_locked_test
patient_original_shape_flatness_iqr,0.0,0.0,permutation_roc_auc_locked_test
patient_original_shape_flatness_max,0.0,0.0,permutation_roc_auc_locked_test
patient_original_shape_flatness_mean,0.0,0.0,permutation_roc_auc_locked_test
patient_original_shape_flatness_min,0.0,0.0,permutation_roc_auc_locked_test
patient_original_shape_flatness_std,0.0,0.0,permutation_roc_auc_locked_test
patient_original_shape_leastaxislength_cv,0.0,0.0,permutation_roc_auc_locked_test
patient_original_shape_leastaxislength_iqr,0.0,0.0,permutation_roc_auc_locked_test
patient_original_shape_leastaxislength_max,0.0,0.0,permutation_roc_auc_locked_test
patient_original_shape_leastaxislength_mean,0.0,0.0,permutation_roc_auc_locked_test
patient_original_shape_leastaxislength_min,0.0,0.0,permutation_roc_auc_locked_test
patient_original_shape_leastaxislength_std,0.0,0.0,permutation_roc_auc_locked_test
patient_original_shape_majoraxislength_cv,0.0,0.0,permutation_roc_auc_locked_test
patient_original_shape_majoraxislength_iqr,0.0,0.0,permutation_roc_auc_locked_test
patient_original_shape_majoraxislength_max,0.0,0.0,permutation_roc_auc_locked_test
patient_original_shape_majoraxislength_mean,0.0,0.0,permutation_roc_auc_locked_test
patient_original_shape_majoraxislength_min,0.0,0.0,permutation_roc_auc_locked_test
patient_original_shape_majoraxislength_std,0.0,0.0,permutation_roc_auc_locked_test
patient_original_shape_maximum2ddiametercolumn_cv,0.0,0.0,permutation_roc_auc_locked_test
patient_original_shape_maximum2ddiametercolumn_iqr,0.0,0.0,permutation_roc_auc_locked_test
patient_original_shape_maximum2ddiametercolumn_max,0.0,0.0,permutation_roc_auc_locked_test
patient_original_shape_maximum2ddiametercolumn_mean,0.0,0.0,permutation_roc_auc_locked_test
patient_original_shape_maximum2ddiametercolumn_min,0.0,0.0,permutation_roc_auc_locked_test
patient_original_shape_maximum2ddiametercolumn_std,0.0,0.0,permutation_roc_auc_locked_test
patient_original_shape_maximum2ddiameterrow_cv,0.0,0.0,permutation_roc_auc_locked_test
patient_original_shape_maximum2ddiameterrow_iqr,0.0,0.0,permutation_roc_auc_locked_test
patient_original_shape_maximum2ddiameterrow_max,0.0,0.0,permutation_roc_auc_locked_test
patient_original_shape_maximum2ddiameterrow_mean,0.0,0.0,permutation_roc_auc_locked_test
patient_original_shape_maximum2ddiameterrow_min,0.0,0.0,permutation_roc_auc_locked_test
patient_original_shape_maximum2ddiameterrow_std,0.0,0.0,permutation_roc_auc_locked_test
patient_original_shape_maximum2ddiameterslice_cv,0.0,0.0,permutation_roc_auc_locked_test
patient_original_shape_maximum2ddiameterslice_iqr,0.0,0.0,permutation_roc_auc_locked_test
patient_original_shape_maximum2ddiameterslice_max,0.0,0.0,permutation_roc_auc_locked_test
patient_original_shape_maximum2ddiameterslice_mean,0.0,0.0,permutation_roc_auc_locked_test
patient_original_shape_maximum2ddiameterslice_min,0.0,0.0,permutation_roc_auc_locked_test
patient_original_shape_maximum2ddiameterslice_std,0.0,0.0,permutation_roc_auc_locked_test
patient_original_shape_maximum3ddiameter_cv,0.0,0.0,permutation_roc_auc_locked_test
patient_original_shape_maximum3ddiameter_iqr,0.0,0.0,permutation_roc_auc_locked_test
patient_original_shape_maximum3ddiameter_max,0.0,0.0,permutation_roc_auc_locked_test
patient_original_shape_maximum3ddiameter_mean,0.0,0.0,permutation_roc_auc_locked_test
patient_original_shape_maximum3ddiameter_min,0.0,0.0,permutation_roc_auc_locked_test
patient_original_shape_maximum3ddiameter_std,0.0,0.0,permutation_roc_auc_locked_test
patient_original_shape_meshvolume_cv,0.0,0.0,permutation_roc_auc_locked_test
patient_original_shape_meshvolume_iqr,0.0,0.0,permutation_roc_auc_locked_test
patient_original_shape_meshvolume_max,0.0,0.0,permutation_roc_auc_locked_test
patient_original_shape_meshvolume_mean,0.0,0.0,permutation_roc_auc_locked_test
patient_original_shape_meshvolume_min,0.0,0.0,permutation_roc_auc_locked_test
patient_original_shape_meshvolume_std,0.0,0.0,permutation_roc_auc_locked_test
patient_original_shape_minoraxislength_cv,0.0,0.0,permutation_roc_auc_locked_test
patient_original_shape_minoraxislength_iqr,0.0,0.0,permutation_roc_auc_locked_test
patient_original_shape_minoraxislength_max,0.0,0.0,permutation_roc_auc_locked_test
entropy_magnetic_field_strength_label_patient,0.0,0.0,permutation_roc_auc_locked_test
patient_original_shape_surfacevolumeratio_max,0.0,0.0,permutation_roc_auc_locked_test
patient_original_shape_surfacevolumeratio_mean,0.0,0.0,permutation_roc_auc_locked_test
patient_original_shape_surfacevolumeratio_min,0.0,0.0,permutation_roc_auc_locked_test
patient_original_shape_surfacevolumeratio_std,0.0,0.0,permutation_roc_auc_locked_test
patient_original_shape_voxelvolume_cv,0.0,0.0,permutation_roc_auc_locked_test
patient_original_shape_voxelvolume_iqr,0.0,0.0,permutation_roc_auc_locked_test
patient_original_shape_voxelvolume_max,0.0,0.0,permutation_roc_auc_locked_test
patient_original_shape_voxelvolume_mean,0.0,0.0,permutation_roc_auc_locked_test
patient_original_shape_voxelvolume_min,0.0,0.0,permutation_roc_auc_locked_test
patient_original_shape_voxelvolume_std,0.0,0.0,permutation_roc_auc_locked_test
second_largest_lesion_volume_cc,0.0,0.0,permutation_roc_auc_locked_test
std_field_strength_t,0.0,0.0,permutation_roc_auc_locked_test
std_lesion_volume_cc,0.0,0.0,permutation_roc_auc_locked_test
total_tumor_volume_cc,0.0,0.0,permutation_roc_auc_locked_test
global_radiomics_std_mean,0.0,0.0,permutation_roc_auc_locked_test
entropy_pixel_spacing_patient,0.0,0.0,permutation_roc_auc_locked_test
largest_lesion_burden_fraction,0.0,0.0,permutation_roc_auc_locked_test
largest_lesion_volume_cc,0.0,0.0,permutation_roc_auc_locked_test
largest_to_second_largest_volume_ratio,0.0,0.0,permutation_roc_auc_locked_test
mad_lesion_volume_cc,0.0,0.0,permutation_roc_auc_locked_test
mask_category_entropy_patient,0.0,0.0,permutation_roc_auc_locked_test
max_field_strength_t,0.0,0.0,permutation_roc_auc_locked_test
max_lesion_volume_cc,0.0,0.0,permutation_roc_auc_locked_test
mean_field_strength_t,0.0,0.0,permutation_roc_auc_locked_test
entropy_segmentation_name_patient,0.0,0.0,permutation_roc_auc_locked_test
median_lesion_volume_cc,0.0,0.0,permutation_roc_auc_locked_test
min_field_strength_t,0.0,0.0,permutation_roc_auc_locked_test
min_lesion_volume_cc,0.0,0.0,permutation_roc_auc_locked_test
iqr_lesion_volume_cc,0.0,0.0,permutation_roc_auc_locked_test
n_large_lesions_gt_1cc,0.0,0.0,permutation_roc_auc_locked_test
n_lesions_with_valid_volume,0.0,0.0,permutation_roc_auc_locked_test
patient_meta_mask_fill_ratio_in_bbox_max,-0.006250000000000089,0.010276839296492242,permutation_roc_auc_locked_test
patient_original_firstorder_variance_max,-0.018055555555555613,0.031396262654048115,permutation_roc_auc_locked_test
patient_meta_mask_fill_ratio_in_bbox_mean,-0.045833333333333406,0.050860648398890436,permutation_roc_auc_locked_test
