bcbm_feature,match_key,openbtai_feature,matched
patient_original_firstorder_10percentile_cv,original_firstorder_10percentile_cv,,False
patient_original_firstorder_10percentile_iqr,original_firstorder_10percentile_iqr,,False
patient_original_firstorder_10percentile_max,original_firstorder_10percentile_max,ext_original_firstorder_10Percentile_max,True
patient_original_firstorder_10percentile_mean,original_firstorder_10percentile_mean,ext_original_firstorder_10Percentile_mean,True
patient_original_firstorder_10percentile_min,original_firstorder_10percentile_min,ext_original_firstorder_10Percentile_min,True
patient_original_firstorder_10percentile_std,original_firstorder_10percentile_std,ext_original_firstorder_10Percentile_std,True
patient_original_firstorder_90percentile_cv,original_firstorder_90percentile_cv,,False
patient_original_firstorder_90percentile_iqr,original_firstorder_90percentile_iqr,,False
patient_original_firstorder_90percentile_max,original_firstorder_90percentile_max,ext_original_firstorder_90Percentile_max,True
patient_original_firstorder_90percentile_mean,original_firstorder_90percentile_mean,ext_original_firstorder_90Percentile_mean,True
patient_original_firstorder_90percentile_min,original_firstorder_90percentile_min,ext_original_firstorder_90Percentile_min,True
patient_original_firstorder_90percentile_std,original_firstorder_90percentile_std,ext_original_firstorder_90Percentile_std,True
patient_original_firstorder_energy_cv,original_firstorder_energy_cv,,False
patient_original_firstorder_energy_iqr,original_firstorder_energy_iqr,,False
patient_original_firstorder_energy_max,original_firstorder_energy_max,ext_original_firstorder_Energy_max,True
patient_original_firstorder_energy_mean,original_firstorder_energy_mean,ext_original_firstorder_Energy_mean,True
patient_original_firstorder_energy_min,original_firstorder_energy_min,ext_original_firstorder_Energy_min,True
patient_original_firstorder_energy_std,original_firstorder_energy_std,ext_original_firstorder_Energy_std,True
patient_original_firstorder_entropy_cv,original_firstorder_entropy_cv,,False
patient_original_firstorder_entropy_iqr,original_firstorder_entropy_iqr,,False
patient_original_firstorder_entropy_max,original_firstorder_entropy_max,ext_original_firstorder_Entropy_max,True
patient_original_firstorder_entropy_mean,original_firstorder_entropy_mean,ext_original_firstorder_Entropy_mean,True
patient_original_firstorder_entropy_min,original_firstorder_entropy_min,ext_original_firstorder_Entropy_min,True
patient_original_firstorder_entropy_std,original_firstorder_entropy_std,ext_original_firstorder_Entropy_std,True
patient_original_firstorder_interquartilerange_cv,original_firstorder_interquartilerange_cv,,False
patient_original_firstorder_interquartilerange_iqr,original_firstorder_interquartilerange_iqr,,False
patient_original_firstorder_interquartilerange_max,original_firstorder_interquartilerange_max,ext_original_firstorder_InterquartileRange_max,True
patient_original_firstorder_interquartilerange_mean,original_firstorder_interquartilerange_mean,ext_original_firstorder_InterquartileRange_mean,True
patient_original_firstorder_interquartilerange_min,original_firstorder_interquartilerange_min,ext_original_firstorder_InterquartileRange_min,True
patient_original_firstorder_interquartilerange_std,original_firstorder_interquartilerange_std,ext_original_firstorder_InterquartileRange_std,True
patient_original_firstorder_kurtosis_cv,original_firstorder_kurtosis_cv,,False
patient_original_firstorder_kurtosis_iqr,original_firstorder_kurtosis_iqr,,False
patient_original_firstorder_kurtosis_max,original_firstorder_kurtosis_max,ext_original_firstorder_Kurtosis_max,True
patient_original_firstorder_kurtosis_mean,original_firstorder_kurtosis_mean,ext_original_firstorder_Kurtosis_mean,True
patient_original_firstorder_kurtosis_min,original_firstorder_kurtosis_min,ext_original_firstorder_Kurtosis_min,True
patient_original_firstorder_kurtosis_std,original_firstorder_kurtosis_std,ext_original_firstorder_Kurtosis_std,True
patient_original_firstorder_maximum_cv,original_firstorder_maximum_cv,,False
patient_original_firstorder_maximum_iqr,original_firstorder_maximum_iqr,,False
patient_original_firstorder_maximum_max,original_firstorder_maximum_max,ext_original_firstorder_Maximum_max,True
patient_original_firstorder_maximum_mean,original_firstorder_maximum_mean,ext_original_firstorder_Maximum_mean,True
patient_original_firstorder_maximum_min,original_firstorder_maximum_min,ext_original_firstorder_Maximum_min,True
patient_original_firstorder_maximum_std,original_firstorder_maximum_std,ext_original_firstorder_Maximum_std,True
patient_original_firstorder_mean_cv,original_firstorder_mean_cv,,False
patient_original_firstorder_mean_iqr,original_firstorder_mean_iqr,,False
patient_original_firstorder_mean_max,original_firstorder_mean_max,ext_original_firstorder_Mean_max,True
patient_original_firstorder_mean_mean,original_firstorder_mean_mean,ext_original_firstorder_Mean_mean,True
patient_original_firstorder_mean_min,original_firstorder_mean_min,ext_original_firstorder_Mean_min,True
patient_original_firstorder_mean_std,original_firstorder_mean_std,ext_original_firstorder_Mean_std,True
patient_original_firstorder_meanabsolutedeviation_cv,original_firstorder_meanabsolutedeviation_cv,,False
patient_original_firstorder_meanabsolutedeviation_iqr,original_firstorder_meanabsolutedeviation_iqr,,False
patient_original_firstorder_meanabsolutedeviation_max,original_firstorder_meanabsolutedeviation_max,ext_original_firstorder_MeanAbsoluteDeviation_max,True
patient_original_firstorder_meanabsolutedeviation_mean,original_firstorder_meanabsolutedeviation_mean,ext_original_firstorder_MeanAbsoluteDeviation_mean,True
patient_original_firstorder_meanabsolutedeviation_min,original_firstorder_meanabsolutedeviation_min,ext_original_firstorder_MeanAbsoluteDeviation_min,True
patient_original_firstorder_meanabsolutedeviation_std,original_firstorder_meanabsolutedeviation_std,ext_original_firstorder_MeanAbsoluteDeviation_std,True
patient_original_firstorder_median_cv,original_firstorder_median_cv,,False
patient_original_firstorder_median_iqr,original_firstorder_median_iqr,,False
patient_original_firstorder_median_max,original_firstorder_median_max,ext_original_firstorder_Median_max,True
patient_original_firstorder_median_mean,original_firstorder_median_mean,ext_original_firstorder_Median_mean,True
patient_original_firstorder_median_min,original_firstorder_median_min,ext_original_firstorder_Median_min,True
patient_original_firstorder_median_std,original_firstorder_median_std,ext_original_firstorder_Median_std,True
patient_original_firstorder_minimum_cv,original_firstorder_minimum_cv,,False
patient_original_firstorder_minimum_iqr,original_firstorder_minimum_iqr,,False
patient_original_firstorder_minimum_max,original_firstorder_minimum_max,ext_original_firstorder_Minimum_max,True
patient_original_firstorder_minimum_mean,original_firstorder_minimum_mean,ext_original_firstorder_Minimum_mean,True
patient_original_firstorder_minimum_min,original_firstorder_minimum_min,ext_original_firstorder_Minimum_min,True
patient_original_firstorder_minimum_std,original_firstorder_minimum_std,ext_original_firstorder_Minimum_std,True
patient_original_firstorder_range_cv,original_firstorder_range_cv,,False
patient_original_firstorder_range_iqr,original_firstorder_range_iqr,,False
patient_original_firstorder_range_max,original_firstorder_range_max,ext_original_firstorder_Range_max,True
patient_original_firstorder_range_mean,original_firstorder_range_mean,ext_original_firstorder_Range_mean,True
patient_original_firstorder_range_min,original_firstorder_range_min,ext_original_firstorder_Range_min,True
patient_original_firstorder_range_std,original_firstorder_range_std,ext_original_firstorder_Range_std,True
patient_original_firstorder_robustmeanabsolutedeviation_cv,original_firstorder_robustmeanabsolutedeviation_cv,,False
patient_original_firstorder_robustmeanabsolutedeviation_iqr,original_firstorder_robustmeanabsolutedeviation_iqr,,False
patient_original_firstorder_robustmeanabsolutedeviation_max,original_firstorder_robustmeanabsolutedeviation_max,ext_original_firstorder_RobustMeanAbsoluteDeviation_max,True
patient_original_firstorder_robustmeanabsolutedeviation_mean,original_firstorder_robustmeanabsolutedeviation_mean,ext_original_firstorder_RobustMeanAbsoluteDeviation_mean,True
patient_original_firstorder_robustmeanabsolutedeviation_min,original_firstorder_robustmeanabsolutedeviation_min,ext_original_firstorder_RobustMeanAbsoluteDeviation_min,True
patient_original_firstorder_robustmeanabsolutedeviation_std,original_firstorder_robustmeanabsolutedeviation_std,ext_original_firstorder_RobustMeanAbsoluteDeviation_std,True
patient_original_firstorder_rootmeansquared_cv,original_firstorder_rootmeansquared_cv,,False
patient_original_firstorder_rootmeansquared_iqr,original_firstorder_rootmeansquared_iqr,,False
patient_original_firstorder_rootmeansquared_max,original_firstorder_rootmeansquared_max,ext_original_firstorder_RootMeanSquared_max,True
patient_original_firstorder_rootmeansquared_mean,original_firstorder_rootmeansquared_mean,ext_original_firstorder_RootMeanSquared_mean,True
patient_original_firstorder_rootmeansquared_min,original_firstorder_rootmeansquared_min,ext_original_firstorder_RootMeanSquared_min,True
patient_original_firstorder_rootmeansquared_std,original_firstorder_rootmeansquared_std,ext_original_firstorder_RootMeanSquared_std,True
patient_original_firstorder_skewness_cv,original_firstorder_skewness_cv,,False
patient_original_firstorder_skewness_iqr,original_firstorder_skewness_iqr,,False
patient_original_firstorder_skewness_max,original_firstorder_skewness_max,ext_original_firstorder_Skewness_max,True
patient_original_firstorder_skewness_mean,original_firstorder_skewness_mean,ext_original_firstorder_Skewness_mean,True
patient_original_firstorder_skewness_min,original_firstorder_skewness_min,ext_original_firstorder_Skewness_min,True
patient_original_firstorder_skewness_std,original_firstorder_skewness_std,ext_original_firstorder_Skewness_std,True
patient_original_firstorder_totalenergy_cv,original_firstorder_totalenergy_cv,,False
patient_original_firstorder_totalenergy_iqr,original_firstorder_totalenergy_iqr,,False
patient_original_firstorder_totalenergy_max,original_firstorder_totalenergy_max,ext_original_firstorder_TotalEnergy_max,True
patient_original_firstorder_totalenergy_mean,original_firstorder_totalenergy_mean,ext_original_firstorder_TotalEnergy_mean,True
patient_original_firstorder_totalenergy_min,original_firstorder_totalenergy_min,ext_original_firstorder_TotalEnergy_min,True
patient_original_firstorder_totalenergy_std,original_firstorder_totalenergy_std,ext_original_firstorder_TotalEnergy_std,True
patient_original_firstorder_uniformity_cv,original_firstorder_uniformity_cv,,False
patient_original_firstorder_uniformity_iqr,original_firstorder_uniformity_iqr,,False
patient_original_firstorder_uniformity_max,original_firstorder_uniformity_max,ext_original_firstorder_Uniformity_max,True
patient_original_firstorder_uniformity_mean,original_firstorder_uniformity_mean,ext_original_firstorder_Uniformity_mean,True
patient_original_firstorder_uniformity_min,original_firstorder_uniformity_min,ext_original_firstorder_Uniformity_min,True
patient_original_firstorder_uniformity_std,original_firstorder_uniformity_std,ext_original_firstorder_Uniformity_std,True
patient_original_firstorder_variance_cv,original_firstorder_variance_cv,,False
patient_original_firstorder_variance_iqr,original_firstorder_variance_iqr,,False
patient_original_firstorder_variance_max,original_firstorder_variance_max,ext_original_firstorder_Variance_max,True
patient_original_firstorder_variance_mean,original_firstorder_variance_mean,ext_original_firstorder_Variance_mean,True
patient_original_firstorder_variance_min,original_firstorder_variance_min,ext_original_firstorder_Variance_min,True
patient_original_firstorder_variance_std,original_firstorder_variance_std,ext_original_firstorder_Variance_std,True
patient_original_glcm_autocorrelation_cv,original_glcm_autocorrelation_cv,,False
patient_original_glcm_autocorrelation_iqr,original_glcm_autocorrelation_iqr,,False
patient_original_glcm_autocorrelation_max,original_glcm_autocorrelation_max,ext_original_glcm_Autocorrelation_max,True
patient_original_glcm_autocorrelation_mean,original_glcm_autocorrelation_mean,ext_original_glcm_Autocorrelation_mean,True
patient_original_glcm_autocorrelation_min,original_glcm_autocorrelation_min,ext_original_glcm_Autocorrelation_min,True
patient_original_glcm_autocorrelation_std,original_glcm_autocorrelation_std,ext_original_glcm_Autocorrelation_std,True
patient_original_glcm_clusterprominence_cv,original_glcm_clusterprominence_cv,,False
patient_original_glcm_clusterprominence_iqr,original_glcm_clusterprominence_iqr,,False
patient_original_glcm_clusterprominence_max,original_glcm_clusterprominence_max,ext_original_glcm_ClusterProminence_max,True
patient_original_glcm_clusterprominence_mean,original_glcm_clusterprominence_mean,ext_original_glcm_ClusterProminence_mean,True
patient_original_glcm_clusterprominence_min,original_glcm_clusterprominence_min,ext_original_glcm_ClusterProminence_min,True
patient_original_glcm_clusterprominence_std,original_glcm_clusterprominence_std,ext_original_glcm_ClusterProminence_std,True
patient_original_glcm_clustershade_cv,original_glcm_clustershade_cv,,False
patient_original_glcm_clustershade_iqr,original_glcm_clustershade_iqr,,False
patient_original_glcm_clustershade_max,original_glcm_clustershade_max,ext_original_glcm_ClusterShade_max,True
patient_original_glcm_clustershade_mean,original_glcm_clustershade_mean,ext_original_glcm_ClusterShade_mean,True
patient_original_glcm_clustershade_min,original_glcm_clustershade_min,ext_original_glcm_ClusterShade_min,True
patient_original_glcm_clustershade_std,original_glcm_clustershade_std,ext_original_glcm_ClusterShade_std,True
patient_original_glcm_clustertendency_cv,original_glcm_clustertendency_cv,,False
patient_original_glcm_clustertendency_iqr,original_glcm_clustertendency_iqr,,False
patient_original_glcm_clustertendency_max,original_glcm_clustertendency_max,ext_original_glcm_ClusterTendency_max,True
patient_original_glcm_clustertendency_mean,original_glcm_clustertendency_mean,ext_original_glcm_ClusterTendency_mean,True
patient_original_glcm_clustertendency_min,original_glcm_clustertendency_min,ext_original_glcm_ClusterTendency_min,True
patient_original_glcm_clustertendency_std,original_glcm_clustertendency_std,ext_original_glcm_ClusterTendency_std,True
patient_original_glcm_contrast_cv,original_glcm_contrast_cv,,False
patient_original_glcm_contrast_iqr,original_glcm_contrast_iqr,,False
patient_original_glcm_contrast_max,original_glcm_contrast_max,ext_original_glcm_Contrast_max,True
patient_original_glcm_contrast_mean,original_glcm_contrast_mean,ext_original_glcm_Contrast_mean,True
patient_original_glcm_contrast_min,original_glcm_contrast_min,ext_original_glcm_Contrast_min,True
patient_original_glcm_contrast_std,original_glcm_contrast_std,ext_original_glcm_Contrast_std,True
patient_original_glcm_correlation_cv,original_glcm_correlation_cv,,False
patient_original_glcm_correlation_iqr,original_glcm_correlation_iqr,,False
patient_original_glcm_correlation_max,original_glcm_correlation_max,ext_original_glcm_Correlation_max,True
patient_original_glcm_correlation_mean,original_glcm_correlation_mean,ext_original_glcm_Correlation_mean,True
patient_original_glcm_correlation_min,original_glcm_correlation_min,ext_original_glcm_Correlation_min,True
patient_original_glcm_correlation_std,original_glcm_correlation_std,ext_original_glcm_Correlation_std,True
patient_original_glcm_differenceaverage_cv,original_glcm_differenceaverage_cv,,False
patient_original_glcm_differenceaverage_iqr,original_glcm_differenceaverage_iqr,,False
patient_original_glcm_differenceaverage_max,original_glcm_differenceaverage_max,ext_original_glcm_DifferenceAverage_max,True
patient_original_glcm_differenceaverage_mean,original_glcm_differenceaverage_mean,ext_original_glcm_DifferenceAverage_mean,True
patient_original_glcm_differenceaverage_min,original_glcm_differenceaverage_min,ext_original_glcm_DifferenceAverage_min,True
patient_original_glcm_differenceaverage_std,original_glcm_differenceaverage_std,ext_original_glcm_DifferenceAverage_std,True
patient_original_glcm_differenceentropy_cv,original_glcm_differenceentropy_cv,,False
patient_original_glcm_differenceentropy_iqr,original_glcm_differenceentropy_iqr,,False
patient_original_glcm_differenceentropy_max,original_glcm_differenceentropy_max,ext_original_glcm_DifferenceEntropy_max,True
patient_original_glcm_differenceentropy_mean,original_glcm_differenceentropy_mean,ext_original_glcm_DifferenceEntropy_mean,True
patient_original_glcm_differenceentropy_min,original_glcm_differenceentropy_min,ext_original_glcm_DifferenceEntropy_min,True
patient_original_glcm_differenceentropy_std,original_glcm_differenceentropy_std,ext_original_glcm_DifferenceEntropy_std,True
patient_original_glcm_differencevariance_cv,original_glcm_differencevariance_cv,,False
patient_original_glcm_differencevariance_iqr,original_glcm_differencevariance_iqr,,False
patient_original_glcm_differencevariance_max,original_glcm_differencevariance_max,ext_original_glcm_DifferenceVariance_max,True
patient_original_glcm_differencevariance_mean,original_glcm_differencevariance_mean,ext_original_glcm_DifferenceVariance_mean,True
patient_original_glcm_differencevariance_min,original_glcm_differencevariance_min,ext_original_glcm_DifferenceVariance_min,True
patient_original_glcm_differencevariance_std,original_glcm_differencevariance_std,ext_original_glcm_DifferenceVariance_std,True
patient_original_glcm_id_cv,original_glcm_id_cv,,False
patient_original_glcm_id_iqr,original_glcm_id_iqr,,False
patient_original_glcm_id_max,original_glcm_id_max,ext_original_glcm_Id_max,True
patient_original_glcm_id_mean,original_glcm_id_mean,ext_original_glcm_Id_mean,True
patient_original_glcm_id_min,original_glcm_id_min,ext_original_glcm_Id_min,True
patient_original_glcm_id_std,original_glcm_id_std,ext_original_glcm_Id_std,True
patient_original_glcm_idm_cv,original_glcm_idm_cv,,False
patient_original_glcm_idm_iqr,original_glcm_idm_iqr,,False
patient_original_glcm_idm_max,original_glcm_idm_max,ext_original_glcm_Idm_max,True
patient_original_glcm_idm_mean,original_glcm_idm_mean,ext_original_glcm_Idm_mean,True
patient_original_glcm_idm_min,original_glcm_idm_min,ext_original_glcm_Idm_min,True
patient_original_glcm_idm_std,original_glcm_idm_std,ext_original_glcm_Idm_std,True
patient_original_glcm_idmn_cv,original_glcm_idmn_cv,,False
patient_original_glcm_idmn_iqr,original_glcm_idmn_iqr,,False
patient_original_glcm_idmn_max,original_glcm_idmn_max,ext_original_glcm_Idmn_max,True
patient_original_glcm_idmn_mean,original_glcm_idmn_mean,ext_original_glcm_Idmn_mean,True
patient_original_glcm_idmn_min,original_glcm_idmn_min,ext_original_glcm_Idmn_min,True
patient_original_glcm_idmn_std,original_glcm_idmn_std,ext_original_glcm_Idmn_std,True
patient_original_glcm_idn_cv,original_glcm_idn_cv,,False
patient_original_glcm_idn_iqr,original_glcm_idn_iqr,,False
patient_original_glcm_idn_max,original_glcm_idn_max,ext_original_glcm_Idn_max,True
patient_original_glcm_idn_mean,original_glcm_idn_mean,ext_original_glcm_Idn_mean,True
patient_original_glcm_idn_min,original_glcm_idn_min,ext_original_glcm_Idn_min,True
patient_original_glcm_idn_std,original_glcm_idn_std,ext_original_glcm_Idn_std,True
patient_original_glcm_imc1_cv,original_glcm_imc1_cv,,False
patient_original_glcm_imc1_iqr,original_glcm_imc1_iqr,,False
patient_original_glcm_imc1_max,original_glcm_imc1_max,ext_original_glcm_Imc1_max,True
patient_original_glcm_imc1_mean,original_glcm_imc1_mean,ext_original_glcm_Imc1_mean,True
patient_original_glcm_imc1_min,original_glcm_imc1_min,ext_original_glcm_Imc1_min,True
patient_original_glcm_imc1_std,original_glcm_imc1_std,ext_original_glcm_Imc1_std,True
patient_original_glcm_imc2_cv,original_glcm_imc2_cv,,False
patient_original_glcm_imc2_iqr,original_glcm_imc2_iqr,,False
patient_original_glcm_imc2_max,original_glcm_imc2_max,ext_original_glcm_Imc2_max,True
patient_original_glcm_imc2_mean,original_glcm_imc2_mean,ext_original_glcm_Imc2_mean,True
patient_original_glcm_imc2_min,original_glcm_imc2_min,ext_original_glcm_Imc2_min,True
patient_original_glcm_imc2_std,original_glcm_imc2_std,ext_original_glcm_Imc2_std,True
patient_original_glcm_inversevariance_cv,original_glcm_inversevariance_cv,,False
patient_original_glcm_inversevariance_iqr,original_glcm_inversevariance_iqr,,False
patient_original_glcm_inversevariance_max,original_glcm_inversevariance_max,ext_original_glcm_InverseVariance_max,True
patient_original_glcm_inversevariance_mean,original_glcm_inversevariance_mean,ext_original_glcm_InverseVariance_mean,True
patient_original_glcm_inversevariance_min,original_glcm_inversevariance_min,ext_original_glcm_InverseVariance_min,True
patient_original_glcm_inversevariance_std,original_glcm_inversevariance_std,ext_original_glcm_InverseVariance_std,True
patient_original_glcm_jointaverage_cv,original_glcm_jointaverage_cv,,False
patient_original_glcm_jointaverage_iqr,original_glcm_jointaverage_iqr,,False
patient_original_glcm_jointaverage_max,original_glcm_jointaverage_max,ext_original_glcm_JointAverage_max,True
patient_original_glcm_jointaverage_mean,original_glcm_jointaverage_mean,ext_original_glcm_JointAverage_mean,True
patient_original_glcm_jointaverage_min,original_glcm_jointaverage_min,ext_original_glcm_JointAverage_min,True
patient_original_glcm_jointaverage_std,original_glcm_jointaverage_std,ext_original_glcm_JointAverage_std,True
patient_original_glcm_jointenergy_cv,original_glcm_jointenergy_cv,,False
patient_original_glcm_jointenergy_iqr,original_glcm_jointenergy_iqr,,False
patient_original_glcm_jointenergy_max,original_glcm_jointenergy_max,ext_original_glcm_JointEnergy_max,True
patient_original_glcm_jointenergy_mean,original_glcm_jointenergy_mean,ext_original_glcm_JointEnergy_mean,True
patient_original_glcm_jointenergy_min,original_glcm_jointenergy_min,ext_original_glcm_JointEnergy_min,True
patient_original_glcm_jointenergy_std,original_glcm_jointenergy_std,ext_original_glcm_JointEnergy_std,True
patient_original_glcm_jointentropy_cv,original_glcm_jointentropy_cv,,False
patient_original_glcm_jointentropy_iqr,original_glcm_jointentropy_iqr,,False
patient_original_glcm_jointentropy_max,original_glcm_jointentropy_max,ext_original_glcm_JointEntropy_max,True
patient_original_glcm_jointentropy_mean,original_glcm_jointentropy_mean,ext_original_glcm_JointEntropy_mean,True
patient_original_glcm_jointentropy_min,original_glcm_jointentropy_min,ext_original_glcm_JointEntropy_min,True
patient_original_glcm_jointentropy_std,original_glcm_jointentropy_std,ext_original_glcm_JointEntropy_std,True
patient_original_glcm_maximumprobability_cv,original_glcm_maximumprobability_cv,,False
patient_original_glcm_maximumprobability_iqr,original_glcm_maximumprobability_iqr,,False
patient_original_glcm_maximumprobability_max,original_glcm_maximumprobability_max,ext_original_glcm_MaximumProbability_max,True
patient_original_glcm_maximumprobability_mean,original_glcm_maximumprobability_mean,ext_original_glcm_MaximumProbability_mean,True
patient_original_glcm_maximumprobability_min,original_glcm_maximumprobability_min,ext_original_glcm_MaximumProbability_min,True
patient_original_glcm_maximumprobability_std,original_glcm_maximumprobability_std,ext_original_glcm_MaximumProbability_std,True
patient_original_glcm_mcc_cv,original_glcm_mcc_cv,,False
patient_original_glcm_mcc_iqr,original_glcm_mcc_iqr,,False
patient_original_glcm_mcc_max,original_glcm_mcc_max,ext_original_glcm_MCC_max,True
patient_original_glcm_mcc_mean,original_glcm_mcc_mean,ext_original_glcm_MCC_mean,True
patient_original_glcm_mcc_min,original_glcm_mcc_min,ext_original_glcm_MCC_min,True
patient_original_glcm_mcc_std,original_glcm_mcc_std,ext_original_glcm_MCC_std,True
patient_original_glcm_sumaverage_cv,original_glcm_sumaverage_cv,,False
patient_original_glcm_sumaverage_iqr,original_glcm_sumaverage_iqr,,False
patient_original_glcm_sumaverage_max,original_glcm_sumaverage_max,ext_original_glcm_SumAverage_max,True
patient_original_glcm_sumaverage_mean,original_glcm_sumaverage_mean,ext_original_glcm_SumAverage_mean,True
patient_original_glcm_sumaverage_min,original_glcm_sumaverage_min,ext_original_glcm_SumAverage_min,True
patient_original_glcm_sumaverage_std,original_glcm_sumaverage_std,ext_original_glcm_SumAverage_std,True
patient_original_glcm_sumentropy_cv,original_glcm_sumentropy_cv,,False
patient_original_glcm_sumentropy_iqr,original_glcm_sumentropy_iqr,,False
patient_original_glcm_sumentropy_max,original_glcm_sumentropy_max,ext_original_glcm_SumEntropy_max,True
patient_original_glcm_sumentropy_mean,original_glcm_sumentropy_mean,ext_original_glcm_SumEntropy_mean,True
patient_original_glcm_sumentropy_min,original_glcm_sumentropy_min,ext_original_glcm_SumEntropy_min,True
patient_original_glcm_sumentropy_std,original_glcm_sumentropy_std,ext_original_glcm_SumEntropy_std,True
patient_original_glcm_sumsquares_cv,original_glcm_sumsquares_cv,,False
patient_original_glcm_sumsquares_iqr,original_glcm_sumsquares_iqr,,False
patient_original_glcm_sumsquares_max,original_glcm_sumsquares_max,ext_original_glcm_SumSquares_max,True
patient_original_glcm_sumsquares_mean,original_glcm_sumsquares_mean,ext_original_glcm_SumSquares_mean,True
patient_original_glcm_sumsquares_min,original_glcm_sumsquares_min,ext_original_glcm_SumSquares_min,True
patient_original_glcm_sumsquares_std,original_glcm_sumsquares_std,ext_original_glcm_SumSquares_std,True
patient_original_gldm_dependenceentropy_cv,original_gldm_dependenceentropy_cv,,False
patient_original_gldm_dependenceentropy_iqr,original_gldm_dependenceentropy_iqr,,False
patient_original_gldm_dependenceentropy_max,original_gldm_dependenceentropy_max,ext_original_gldm_DependenceEntropy_max,True
patient_original_gldm_dependenceentropy_mean,original_gldm_dependenceentropy_mean,ext_original_gldm_DependenceEntropy_mean,True
patient_original_gldm_dependenceentropy_min,original_gldm_dependenceentropy_min,ext_original_gldm_DependenceEntropy_min,True
patient_original_gldm_dependenceentropy_std,original_gldm_dependenceentropy_std,ext_original_gldm_DependenceEntropy_std,True
patient_original_gldm_dependencenonuniformity_cv,original_gldm_dependencenonuniformity_cv,,False
patient_original_gldm_dependencenonuniformity_iqr,original_gldm_dependencenonuniformity_iqr,,False
patient_original_gldm_dependencenonuniformity_max,original_gldm_dependencenonuniformity_max,ext_original_gldm_DependenceNonUniformity_max,True
patient_original_gldm_dependencenonuniformity_mean,original_gldm_dependencenonuniformity_mean,ext_original_gldm_DependenceNonUniformity_mean,True
patient_original_gldm_dependencenonuniformity_min,original_gldm_dependencenonuniformity_min,ext_original_gldm_DependenceNonUniformity_min,True
patient_original_gldm_dependencenonuniformity_std,original_gldm_dependencenonuniformity_std,ext_original_gldm_DependenceNonUniformity_std,True
patient_original_gldm_dependencenonuniformitynormalized_cv,original_gldm_dependencenonuniformitynormalized_cv,,False
patient_original_gldm_dependencenonuniformitynormalized_iqr,original_gldm_dependencenonuniformitynormalized_iqr,,False
patient_original_gldm_dependencenonuniformitynormalized_max,original_gldm_dependencenonuniformitynormalized_max,ext_original_gldm_DependenceNonUniformityNormalized_max,True
patient_original_gldm_dependencenonuniformitynormalized_mean,original_gldm_dependencenonuniformitynormalized_mean,ext_original_gldm_DependenceNonUniformityNormalized_mean,True
patient_original_gldm_dependencenonuniformitynormalized_min,original_gldm_dependencenonuniformitynormalized_min,ext_original_gldm_DependenceNonUniformityNormalized_min,True
patient_original_gldm_dependencenonuniformitynormalized_std,original_gldm_dependencenonuniformitynormalized_std,ext_original_gldm_DependenceNonUniformityNormalized_std,True
patient_original_gldm_dependencevariance_cv,original_gldm_dependencevariance_cv,,False
patient_original_gldm_dependencevariance_iqr,original_gldm_dependencevariance_iqr,,False
patient_original_gldm_dependencevariance_max,original_gldm_dependencevariance_max,ext_original_gldm_DependenceVariance_max,True
patient_original_gldm_dependencevariance_mean,original_gldm_dependencevariance_mean,ext_original_gldm_DependenceVariance_mean,True
patient_original_gldm_dependencevariance_min,original_gldm_dependencevariance_min,ext_original_gldm_DependenceVariance_min,True
patient_original_gldm_dependencevariance_std,original_gldm_dependencevariance_std,ext_original_gldm_DependenceVariance_std,True
patient_original_gldm_graylevelnonuniformity_cv,original_gldm_graylevelnonuniformity_cv,,False
patient_original_gldm_graylevelnonuniformity_iqr,original_gldm_graylevelnonuniformity_iqr,,False
patient_original_gldm_graylevelnonuniformity_max,original_gldm_graylevelnonuniformity_max,ext_original_gldm_GrayLevelNonUniformity_max,True
patient_original_gldm_graylevelnonuniformity_mean,original_gldm_graylevelnonuniformity_mean,ext_original_gldm_GrayLevelNonUniformity_mean,True
patient_original_gldm_graylevelnonuniformity_min,original_gldm_graylevelnonuniformity_min,ext_original_gldm_GrayLevelNonUniformity_min,True
patient_original_gldm_graylevelnonuniformity_std,original_gldm_graylevelnonuniformity_std,ext_original_gldm_GrayLevelNonUniformity_std,True
patient_original_gldm_graylevelvariance_cv,original_gldm_graylevelvariance_cv,,False
patient_original_gldm_graylevelvariance_iqr,original_gldm_graylevelvariance_iqr,,False
patient_original_gldm_graylevelvariance_max,original_gldm_graylevelvariance_max,ext_original_gldm_GrayLevelVariance_max,True
patient_original_gldm_graylevelvariance_mean,original_gldm_graylevelvariance_mean,ext_original_gldm_GrayLevelVariance_mean,True
patient_original_gldm_graylevelvariance_min,original_gldm_graylevelvariance_min,ext_original_gldm_GrayLevelVariance_min,True
patient_original_gldm_graylevelvariance_std,original_gldm_graylevelvariance_std,ext_original_gldm_GrayLevelVariance_std,True
patient_original_gldm_highgraylevelemphasis_cv,original_gldm_highgraylevelemphasis_cv,,False
patient_original_gldm_highgraylevelemphasis_iqr,original_gldm_highgraylevelemphasis_iqr,,False
patient_original_gldm_highgraylevelemphasis_max,original_gldm_highgraylevelemphasis_max,ext_original_gldm_HighGrayLevelEmphasis_max,True
patient_original_gldm_highgraylevelemphasis_mean,original_gldm_highgraylevelemphasis_mean,ext_original_gldm_HighGrayLevelEmphasis_mean,True
patient_original_gldm_highgraylevelemphasis_min,original_gldm_highgraylevelemphasis_min,ext_original_gldm_HighGrayLevelEmphasis_min,True
patient_original_gldm_highgraylevelemphasis_std,original_gldm_highgraylevelemphasis_std,ext_original_gldm_HighGrayLevelEmphasis_std,True
patient_original_gldm_largedependenceemphasis_cv,original_gldm_largedependenceemphasis_cv,,False
patient_original_gldm_largedependenceemphasis_iqr,original_gldm_largedependenceemphasis_iqr,,False
patient_original_gldm_largedependenceemphasis_max,original_gldm_largedependenceemphasis_max,ext_original_gldm_LargeDependenceEmphasis_max,True
patient_original_gldm_largedependenceemphasis_mean,original_gldm_largedependenceemphasis_mean,ext_original_gldm_LargeDependenceEmphasis_mean,True
patient_original_gldm_largedependenceemphasis_min,original_gldm_largedependenceemphasis_min,ext_original_gldm_LargeDependenceEmphasis_min,True
patient_original_gldm_largedependenceemphasis_std,original_gldm_largedependenceemphasis_std,ext_original_gldm_LargeDependenceEmphasis_std,True
patient_original_gldm_largedependencehighgraylevelemphasis_cv,original_gldm_largedependencehighgraylevelemphasis_cv,,False
patient_original_gldm_largedependencehighgraylevelemphasis_iqr,original_gldm_largedependencehighgraylevelemphasis_iqr,,False
patient_original_gldm_largedependencehighgraylevelemphasis_max,original_gldm_largedependencehighgraylevelemphasis_max,ext_original_gldm_LargeDependenceHighGrayLevelEmphasis_max,True
patient_original_gldm_largedependencehighgraylevelemphasis_mean,original_gldm_largedependencehighgraylevelemphasis_mean,ext_original_gldm_LargeDependenceHighGrayLevelEmphasis_mean,True
patient_original_gldm_largedependencehighgraylevelemphasis_min,original_gldm_largedependencehighgraylevelemphasis_min,ext_original_gldm_LargeDependenceHighGrayLevelEmphasis_min,True
patient_original_gldm_largedependencehighgraylevelemphasis_std,original_gldm_largedependencehighgraylevelemphasis_std,ext_original_gldm_LargeDependenceHighGrayLevelEmphasis_std,True
patient_original_gldm_largedependencelowgraylevelemphasis_cv,original_gldm_largedependencelowgraylevelemphasis_cv,,False
patient_original_gldm_largedependencelowgraylevelemphasis_iqr,original_gldm_largedependencelowgraylevelemphasis_iqr,,False
patient_original_gldm_largedependencelowgraylevelemphasis_max,original_gldm_largedependencelowgraylevelemphasis_max,ext_original_gldm_LargeDependenceLowGrayLevelEmphasis_max,True
patient_original_gldm_largedependencelowgraylevelemphasis_mean,original_gldm_largedependencelowgraylevelemphasis_mean,ext_original_gldm_LargeDependenceLowGrayLevelEmphasis_mean,True
patient_original_gldm_largedependencelowgraylevelemphasis_min,original_gldm_largedependencelowgraylevelemphasis_min,ext_original_gldm_LargeDependenceLowGrayLevelEmphasis_min,True
patient_original_gldm_largedependencelowgraylevelemphasis_std,original_gldm_largedependencelowgraylevelemphasis_std,ext_original_gldm_LargeDependenceLowGrayLevelEmphasis_std,True
patient_original_gldm_lowgraylevelemphasis_cv,original_gldm_lowgraylevelemphasis_cv,,False
patient_original_gldm_lowgraylevelemphasis_iqr,original_gldm_lowgraylevelemphasis_iqr,,False
patient_original_gldm_lowgraylevelemphasis_max,original_gldm_lowgraylevelemphasis_max,ext_original_gldm_LowGrayLevelEmphasis_max,True
patient_original_gldm_lowgraylevelemphasis_mean,original_gldm_lowgraylevelemphasis_mean,ext_original_gldm_LowGrayLevelEmphasis_mean,True
patient_original_gldm_lowgraylevelemphasis_min,original_gldm_lowgraylevelemphasis_min,ext_original_gldm_LowGrayLevelEmphasis_min,True
patient_original_gldm_lowgraylevelemphasis_std,original_gldm_lowgraylevelemphasis_std,ext_original_gldm_LowGrayLevelEmphasis_std,True
patient_original_gldm_smalldependenceemphasis_cv,original_gldm_smalldependenceemphasis_cv,,False
patient_original_gldm_smalldependenceemphasis_iqr,original_gldm_smalldependenceemphasis_iqr,,False
patient_original_gldm_smalldependenceemphasis_max,original_gldm_smalldependenceemphasis_max,ext_original_gldm_SmallDependenceEmphasis_max,True
patient_original_gldm_smalldependenceemphasis_mean,original_gldm_smalldependenceemphasis_mean,ext_original_gldm_SmallDependenceEmphasis_mean,True
patient_original_gldm_smalldependenceemphasis_min,original_gldm_smalldependenceemphasis_min,ext_original_gldm_SmallDependenceEmphasis_min,True
patient_original_gldm_smalldependenceemphasis_std,original_gldm_smalldependenceemphasis_std,ext_original_gldm_SmallDependenceEmphasis_std,True
patient_original_gldm_smalldependencehighgraylevelemphasis_cv,original_gldm_smalldependencehighgraylevelemphasis_cv,,False
patient_original_gldm_smalldependencehighgraylevelemphasis_iqr,original_gldm_smalldependencehighgraylevelemphasis_iqr,,False
patient_original_gldm_smalldependencehighgraylevelemphasis_max,original_gldm_smalldependencehighgraylevelemphasis_max,ext_original_gldm_SmallDependenceHighGrayLevelEmphasis_max,True
patient_original_gldm_smalldependencehighgraylevelemphasis_mean,original_gldm_smalldependencehighgraylevelemphasis_mean,ext_original_gldm_SmallDependenceHighGrayLevelEmphasis_mean,True
patient_original_gldm_smalldependencehighgraylevelemphasis_min,original_gldm_smalldependencehighgraylevelemphasis_min,ext_original_gldm_SmallDependenceHighGrayLevelEmphasis_min,True
patient_original_gldm_smalldependencehighgraylevelemphasis_std,original_gldm_smalldependencehighgraylevelemphasis_std,ext_original_gldm_SmallDependenceHighGrayLevelEmphasis_std,True
patient_original_gldm_smalldependencelowgraylevelemphasis_cv,original_gldm_smalldependencelowgraylevelemphasis_cv,,False
patient_original_gldm_smalldependencelowgraylevelemphasis_iqr,original_gldm_smalldependencelowgraylevelemphasis_iqr,,False
patient_original_gldm_smalldependencelowgraylevelemphasis_max,original_gldm_smalldependencelowgraylevelemphasis_max,ext_original_gldm_SmallDependenceLowGrayLevelEmphasis_max,True
patient_original_gldm_smalldependencelowgraylevelemphasis_mean,original_gldm_smalldependencelowgraylevelemphasis_mean,ext_original_gldm_SmallDependenceLowGrayLevelEmphasis_mean,True
patient_original_gldm_smalldependencelowgraylevelemphasis_min,original_gldm_smalldependencelowgraylevelemphasis_min,ext_original_gldm_SmallDependenceLowGrayLevelEmphasis_min,True
patient_original_gldm_smalldependencelowgraylevelemphasis_std,original_gldm_smalldependencelowgraylevelemphasis_std,ext_original_gldm_SmallDependenceLowGrayLevelEmphasis_std,True
patient_original_glrlm_graylevelnonuniformity_cv,original_glrlm_graylevelnonuniformity_cv,,False
patient_original_glrlm_graylevelnonuniformity_iqr,original_glrlm_graylevelnonuniformity_iqr,,False
patient_original_glrlm_graylevelnonuniformity_max,original_glrlm_graylevelnonuniformity_max,ext_original_glrlm_GrayLevelNonUniformity_max,True
patient_original_glrlm_graylevelnonuniformity_mean,original_glrlm_graylevelnonuniformity_mean,ext_original_glrlm_GrayLevelNonUniformity_mean,True
patient_original_glrlm_graylevelnonuniformity_min,original_glrlm_graylevelnonuniformity_min,ext_original_glrlm_GrayLevelNonUniformity_min,True
patient_original_glrlm_graylevelnonuniformity_std,original_glrlm_graylevelnonuniformity_std,ext_original_glrlm_GrayLevelNonUniformity_std,True
patient_original_glrlm_graylevelnonuniformitynormalized_cv,original_glrlm_graylevelnonuniformitynormalized_cv,,False
patient_original_glrlm_graylevelnonuniformitynormalized_iqr,original_glrlm_graylevelnonuniformitynormalized_iqr,,False
patient_original_glrlm_graylevelnonuniformitynormalized_max,original_glrlm_graylevelnonuniformitynormalized_max,ext_original_glrlm_GrayLevelNonUniformityNormalized_max,True
patient_original_glrlm_graylevelnonuniformitynormalized_mean,original_glrlm_graylevelnonuniformitynormalized_mean,ext_original_glrlm_GrayLevelNonUniformityNormalized_mean,True
patient_original_glrlm_graylevelnonuniformitynormalized_min,original_glrlm_graylevelnonuniformitynormalized_min,ext_original_glrlm_GrayLevelNonUniformityNormalized_min,True
patient_original_glrlm_graylevelnonuniformitynormalized_std,original_glrlm_graylevelnonuniformitynormalized_std,ext_original_glrlm_GrayLevelNonUniformityNormalized_std,True
patient_original_glrlm_graylevelvariance_cv,original_glrlm_graylevelvariance_cv,,False
patient_original_glrlm_graylevelvariance_iqr,original_glrlm_graylevelvariance_iqr,,False
patient_original_glrlm_graylevelvariance_max,original_glrlm_graylevelvariance_max,ext_original_glrlm_GrayLevelVariance_max,True
patient_original_glrlm_graylevelvariance_mean,original_glrlm_graylevelvariance_mean,ext_original_glrlm_GrayLevelVariance_mean,True
patient_original_glrlm_graylevelvariance_min,original_glrlm_graylevelvariance_min,ext_original_glrlm_GrayLevelVariance_min,True
patient_original_glrlm_graylevelvariance_std,original_glrlm_graylevelvariance_std,ext_original_glrlm_GrayLevelVariance_std,True
patient_original_glrlm_highgraylevelrunemphasis_cv,original_glrlm_highgraylevelrunemphasis_cv,,False
patient_original_glrlm_highgraylevelrunemphasis_iqr,original_glrlm_highgraylevelrunemphasis_iqr,,False
patient_original_glrlm_highgraylevelrunemphasis_max,original_glrlm_highgraylevelrunemphasis_max,ext_original_glrlm_HighGrayLevelRunEmphasis_max,True
patient_original_glrlm_highgraylevelrunemphasis_mean,original_glrlm_highgraylevelrunemphasis_mean,ext_original_glrlm_HighGrayLevelRunEmphasis_mean,True
patient_original_glrlm_highgraylevelrunemphasis_min,original_glrlm_highgraylevelrunemphasis_min,ext_original_glrlm_HighGrayLevelRunEmphasis_min,True
patient_original_glrlm_highgraylevelrunemphasis_std,original_glrlm_highgraylevelrunemphasis_std,ext_original_glrlm_HighGrayLevelRunEmphasis_std,True
patient_original_glrlm_longrunemphasis_cv,original_glrlm_longrunemphasis_cv,,False
patient_original_glrlm_longrunemphasis_iqr,original_glrlm_longrunemphasis_iqr,,False
patient_original_glrlm_longrunemphasis_max,original_glrlm_longrunemphasis_max,ext_original_glrlm_LongRunEmphasis_max,True
patient_original_glrlm_longrunemphasis_mean,original_glrlm_longrunemphasis_mean,ext_original_glrlm_LongRunEmphasis_mean,True
patient_original_glrlm_longrunemphasis_min,original_glrlm_longrunemphasis_min,ext_original_glrlm_LongRunEmphasis_min,True
patient_original_glrlm_longrunemphasis_std,original_glrlm_longrunemphasis_std,ext_original_glrlm_LongRunEmphasis_std,True
patient_original_glrlm_longrunhighgraylevelemphasis_cv,original_glrlm_longrunhighgraylevelemphasis_cv,,False
patient_original_glrlm_longrunhighgraylevelemphasis_iqr,original_glrlm_longrunhighgraylevelemphasis_iqr,,False
patient_original_glrlm_longrunhighgraylevelemphasis_max,original_glrlm_longrunhighgraylevelemphasis_max,ext_original_glrlm_LongRunHighGrayLevelEmphasis_max,True
patient_original_glrlm_longrunhighgraylevelemphasis_mean,original_glrlm_longrunhighgraylevelemphasis_mean,ext_original_glrlm_LongRunHighGrayLevelEmphasis_mean,True
patient_original_glrlm_longrunhighgraylevelemphasis_min,original_glrlm_longrunhighgraylevelemphasis_min,ext_original_glrlm_LongRunHighGrayLevelEmphasis_min,True
patient_original_glrlm_longrunhighgraylevelemphasis_std,original_glrlm_longrunhighgraylevelemphasis_std,ext_original_glrlm_LongRunHighGrayLevelEmphasis_std,True
patient_original_glrlm_longrunlowgraylevelemphasis_cv,original_glrlm_longrunlowgraylevelemphasis_cv,,False
patient_original_glrlm_longrunlowgraylevelemphasis_iqr,original_glrlm_longrunlowgraylevelemphasis_iqr,,False
patient_original_glrlm_longrunlowgraylevelemphasis_max,original_glrlm_longrunlowgraylevelemphasis_max,ext_original_glrlm_LongRunLowGrayLevelEmphasis_max,True
patient_original_glrlm_longrunlowgraylevelemphasis_mean,original_glrlm_longrunlowgraylevelemphasis_mean,ext_original_glrlm_LongRunLowGrayLevelEmphasis_mean,True
patient_original_glrlm_longrunlowgraylevelemphasis_min,original_glrlm_longrunlowgraylevelemphasis_min,ext_original_glrlm_LongRunLowGrayLevelEmphasis_min,True
patient_original_glrlm_longrunlowgraylevelemphasis_std,original_glrlm_longrunlowgraylevelemphasis_std,ext_original_glrlm_LongRunLowGrayLevelEmphasis_std,True
patient_original_glrlm_lowgraylevelrunemphasis_cv,original_glrlm_lowgraylevelrunemphasis_cv,,False
patient_original_glrlm_lowgraylevelrunemphasis_iqr,original_glrlm_lowgraylevelrunemphasis_iqr,,False
patient_original_glrlm_lowgraylevelrunemphasis_max,original_glrlm_lowgraylevelrunemphasis_max,ext_original_glrlm_LowGrayLevelRunEmphasis_max,True
patient_original_glrlm_lowgraylevelrunemphasis_mean,original_glrlm_lowgraylevelrunemphasis_mean,ext_original_glrlm_LowGrayLevelRunEmphasis_mean,True
patient_original_glrlm_lowgraylevelrunemphasis_min,original_glrlm_lowgraylevelrunemphasis_min,ext_original_glrlm_LowGrayLevelRunEmphasis_min,True
patient_original_glrlm_lowgraylevelrunemphasis_std,original_glrlm_lowgraylevelrunemphasis_std,ext_original_glrlm_LowGrayLevelRunEmphasis_std,True
patient_original_glrlm_runentropy_cv,original_glrlm_runentropy_cv,,False
patient_original_glrlm_runentropy_iqr,original_glrlm_runentropy_iqr,,False
patient_original_glrlm_runentropy_max,original_glrlm_runentropy_max,ext_original_glrlm_RunEntropy_max,True
patient_original_glrlm_runentropy_mean,original_glrlm_runentropy_mean,ext_original_glrlm_RunEntropy_mean,True
patient_original_glrlm_runentropy_min,original_glrlm_runentropy_min,ext_original_glrlm_RunEntropy_min,True
patient_original_glrlm_runentropy_std,original_glrlm_runentropy_std,ext_original_glrlm_RunEntropy_std,True
patient_original_glrlm_runlengthnonuniformity_cv,original_glrlm_runlengthnonuniformity_cv,,False
patient_original_glrlm_runlengthnonuniformity_iqr,original_glrlm_runlengthnonuniformity_iqr,,False
patient_original_glrlm_runlengthnonuniformity_max,original_glrlm_runlengthnonuniformity_max,ext_original_glrlm_RunLengthNonUniformity_max,True
patient_original_glrlm_runlengthnonuniformity_mean,original_glrlm_runlengthnonuniformity_mean,ext_original_glrlm_RunLengthNonUniformity_mean,True
patient_original_glrlm_runlengthnonuniformity_min,original_glrlm_runlengthnonuniformity_min,ext_original_glrlm_RunLengthNonUniformity_min,True
patient_original_glrlm_runlengthnonuniformity_std,original_glrlm_runlengthnonuniformity_std,ext_original_glrlm_RunLengthNonUniformity_std,True
patient_original_glrlm_runlengthnonuniformitynormalized_cv,original_glrlm_runlengthnonuniformitynormalized_cv,,False
patient_original_glrlm_runlengthnonuniformitynormalized_iqr,original_glrlm_runlengthnonuniformitynormalized_iqr,,False
patient_original_glrlm_runlengthnonuniformitynormalized_max,original_glrlm_runlengthnonuniformitynormalized_max,ext_original_glrlm_RunLengthNonUniformityNormalized_max,True
patient_original_glrlm_runlengthnonuniformitynormalized_mean,original_glrlm_runlengthnonuniformitynormalized_mean,ext_original_glrlm_RunLengthNonUniformityNormalized_mean,True
patient_original_glrlm_runlengthnonuniformitynormalized_min,original_glrlm_runlengthnonuniformitynormalized_min,ext_original_glrlm_RunLengthNonUniformityNormalized_min,True
patient_original_glrlm_runlengthnonuniformitynormalized_std,original_glrlm_runlengthnonuniformitynormalized_std,ext_original_glrlm_RunLengthNonUniformityNormalized_std,True
patient_original_glrlm_runpercentage_cv,original_glrlm_runpercentage_cv,,False
patient_original_glrlm_runpercentage_iqr,original_glrlm_runpercentage_iqr,,False
patient_original_glrlm_runpercentage_max,original_glrlm_runpercentage_max,ext_original_glrlm_RunPercentage_max,True
patient_original_glrlm_runpercentage_mean,original_glrlm_runpercentage_mean,ext_original_glrlm_RunPercentage_mean,True
patient_original_glrlm_runpercentage_min,original_glrlm_runpercentage_min,ext_original_glrlm_RunPercentage_min,True
patient_original_glrlm_runpercentage_std,original_glrlm_runpercentage_std,ext_original_glrlm_RunPercentage_std,True
patient_original_glrlm_runvariance_cv,original_glrlm_runvariance_cv,,False
patient_original_glrlm_runvariance_iqr,original_glrlm_runvariance_iqr,,False
patient_original_glrlm_runvariance_max,original_glrlm_runvariance_max,ext_original_glrlm_RunVariance_max,True
patient_original_glrlm_runvariance_mean,original_glrlm_runvariance_mean,ext_original_glrlm_RunVariance_mean,True
patient_original_glrlm_runvariance_min,original_glrlm_runvariance_min,ext_original_glrlm_RunVariance_min,True
patient_original_glrlm_runvariance_std,original_glrlm_runvariance_std,ext_original_glrlm_RunVariance_std,True
patient_original_glrlm_shortrunemphasis_cv,original_glrlm_shortrunemphasis_cv,,False
patient_original_glrlm_shortrunemphasis_iqr,original_glrlm_shortrunemphasis_iqr,,False
patient_original_glrlm_shortrunemphasis_max,original_glrlm_shortrunemphasis_max,ext_original_glrlm_ShortRunEmphasis_max,True
patient_original_glrlm_shortrunemphasis_mean,original_glrlm_shortrunemphasis_mean,ext_original_glrlm_ShortRunEmphasis_mean,True
patient_original_glrlm_shortrunemphasis_min,original_glrlm_shortrunemphasis_min,ext_original_glrlm_ShortRunEmphasis_min,True
patient_original_glrlm_shortrunemphasis_std,original_glrlm_shortrunemphasis_std,ext_original_glrlm_ShortRunEmphasis_std,True
patient_original_glrlm_shortrunhighgraylevelemphasis_cv,original_glrlm_shortrunhighgraylevelemphasis_cv,,False
patient_original_glrlm_shortrunhighgraylevelemphasis_iqr,original_glrlm_shortrunhighgraylevelemphasis_iqr,,False
patient_original_glrlm_shortrunhighgraylevelemphasis_max,original_glrlm_shortrunhighgraylevelemphasis_max,ext_original_glrlm_ShortRunHighGrayLevelEmphasis_max,True
patient_original_glrlm_shortrunhighgraylevelemphasis_mean,original_glrlm_shortrunhighgraylevelemphasis_mean,ext_original_glrlm_ShortRunHighGrayLevelEmphasis_mean,True
patient_original_glrlm_shortrunhighgraylevelemphasis_min,original_glrlm_shortrunhighgraylevelemphasis_min,ext_original_glrlm_ShortRunHighGrayLevelEmphasis_min,True
patient_original_glrlm_shortrunhighgraylevelemphasis_std,original_glrlm_shortrunhighgraylevelemphasis_std,ext_original_glrlm_ShortRunHighGrayLevelEmphasis_std,True
patient_original_glrlm_shortrunlowgraylevelemphasis_cv,original_glrlm_shortrunlowgraylevelemphasis_cv,,False
patient_original_glrlm_shortrunlowgraylevelemphasis_iqr,original_glrlm_shortrunlowgraylevelemphasis_iqr,,False
patient_original_glrlm_shortrunlowgraylevelemphasis_max,original_glrlm_shortrunlowgraylevelemphasis_max,ext_original_glrlm_ShortRunLowGrayLevelEmphasis_max,True
patient_original_glrlm_shortrunlowgraylevelemphasis_mean,original_glrlm_shortrunlowgraylevelemphasis_mean,ext_original_glrlm_ShortRunLowGrayLevelEmphasis_mean,True
patient_original_glrlm_shortrunlowgraylevelemphasis_min,original_glrlm_shortrunlowgraylevelemphasis_min,ext_original_glrlm_ShortRunLowGrayLevelEmphasis_min,True
patient_original_glrlm_shortrunlowgraylevelemphasis_std,original_glrlm_shortrunlowgraylevelemphasis_std,ext_original_glrlm_ShortRunLowGrayLevelEmphasis_std,True
patient_original_glszm_graylevelnonuniformity_cv,original_glszm_graylevelnonuniformity_cv,,False
patient_original_glszm_graylevelnonuniformity_iqr,original_glszm_graylevelnonuniformity_iqr,,False
patient_original_glszm_graylevelnonuniformity_max,original_glszm_graylevelnonuniformity_max,ext_original_glszm_GrayLevelNonUniformity_max,True
patient_original_glszm_graylevelnonuniformity_mean,original_glszm_graylevelnonuniformity_mean,ext_original_glszm_GrayLevelNonUniformity_mean,True
patient_original_glszm_graylevelnonuniformity_min,original_glszm_graylevelnonuniformity_min,ext_original_glszm_GrayLevelNonUniformity_min,True
patient_original_glszm_graylevelnonuniformity_std,original_glszm_graylevelnonuniformity_std,ext_original_glszm_GrayLevelNonUniformity_std,True
patient_original_glszm_graylevelnonuniformitynormalized_cv,original_glszm_graylevelnonuniformitynormalized_cv,,False
patient_original_glszm_graylevelnonuniformitynormalized_iqr,original_glszm_graylevelnonuniformitynormalized_iqr,,False
patient_original_glszm_graylevelnonuniformitynormalized_max,original_glszm_graylevelnonuniformitynormalized_max,ext_original_glszm_GrayLevelNonUniformityNormalized_max,True
patient_original_glszm_graylevelnonuniformitynormalized_mean,original_glszm_graylevelnonuniformitynormalized_mean,ext_original_glszm_GrayLevelNonUniformityNormalized_mean,True
patient_original_glszm_graylevelnonuniformitynormalized_min,original_glszm_graylevelnonuniformitynormalized_min,ext_original_glszm_GrayLevelNonUniformityNormalized_min,True
patient_original_glszm_graylevelnonuniformitynormalized_std,original_glszm_graylevelnonuniformitynormalized_std,ext_original_glszm_GrayLevelNonUniformityNormalized_std,True
patient_original_glszm_graylevelvariance_cv,original_glszm_graylevelvariance_cv,,False
patient_original_glszm_graylevelvariance_iqr,original_glszm_graylevelvariance_iqr,,False
patient_original_glszm_graylevelvariance_max,original_glszm_graylevelvariance_max,ext_original_glszm_GrayLevelVariance_max,True
patient_original_glszm_graylevelvariance_mean,original_glszm_graylevelvariance_mean,ext_original_glszm_GrayLevelVariance_mean,True
patient_original_glszm_graylevelvariance_min,original_glszm_graylevelvariance_min,ext_original_glszm_GrayLevelVariance_min,True
patient_original_glszm_graylevelvariance_std,original_glszm_graylevelvariance_std,ext_original_glszm_GrayLevelVariance_std,True
patient_original_glszm_highgraylevelzoneemphasis_cv,original_glszm_highgraylevelzoneemphasis_cv,,False
patient_original_glszm_highgraylevelzoneemphasis_iqr,original_glszm_highgraylevelzoneemphasis_iqr,,False
patient_original_glszm_highgraylevelzoneemphasis_max,original_glszm_highgraylevelzoneemphasis_max,ext_original_glszm_HighGrayLevelZoneEmphasis_max,True
patient_original_glszm_highgraylevelzoneemphasis_mean,original_glszm_highgraylevelzoneemphasis_mean,ext_original_glszm_HighGrayLevelZoneEmphasis_mean,True
patient_original_glszm_highgraylevelzoneemphasis_min,original_glszm_highgraylevelzoneemphasis_min,ext_original_glszm_HighGrayLevelZoneEmphasis_min,True
patient_original_glszm_highgraylevelzoneemphasis_std,original_glszm_highgraylevelzoneemphasis_std,ext_original_glszm_HighGrayLevelZoneEmphasis_std,True
patient_original_glszm_largeareaemphasis_cv,original_glszm_largeareaemphasis_cv,,False
patient_original_glszm_largeareaemphasis_iqr,original_glszm_largeareaemphasis_iqr,,False
patient_original_glszm_largeareaemphasis_max,original_glszm_largeareaemphasis_max,ext_original_glszm_LargeAreaEmphasis_max,True
patient_original_glszm_largeareaemphasis_mean,original_glszm_largeareaemphasis_mean,ext_original_glszm_LargeAreaEmphasis_mean,True
patient_original_glszm_largeareaemphasis_min,original_glszm_largeareaemphasis_min,ext_original_glszm_LargeAreaEmphasis_min,True
patient_original_glszm_largeareaemphasis_std,original_glszm_largeareaemphasis_std,ext_original_glszm_LargeAreaEmphasis_std,True
patient_original_glszm_largeareahighgraylevelemphasis_cv,original_glszm_largeareahighgraylevelemphasis_cv,,False
patient_original_glszm_largeareahighgraylevelemphasis_iqr,original_glszm_largeareahighgraylevelemphasis_iqr,,False
patient_original_glszm_largeareahighgraylevelemphasis_max,original_glszm_largeareahighgraylevelemphasis_max,ext_original_glszm_LargeAreaHighGrayLevelEmphasis_max,True
patient_original_glszm_largeareahighgraylevelemphasis_mean,original_glszm_largeareahighgraylevelemphasis_mean,ext_original_glszm_LargeAreaHighGrayLevelEmphasis_mean,True
patient_original_glszm_largeareahighgraylevelemphasis_min,original_glszm_largeareahighgraylevelemphasis_min,ext_original_glszm_LargeAreaHighGrayLevelEmphasis_min,True
patient_original_glszm_largeareahighgraylevelemphasis_std,original_glszm_largeareahighgraylevelemphasis_std,ext_original_glszm_LargeAreaHighGrayLevelEmphasis_std,True
patient_original_glszm_largearealowgraylevelemphasis_cv,original_glszm_largearealowgraylevelemphasis_cv,,False
patient_original_glszm_largearealowgraylevelemphasis_iqr,original_glszm_largearealowgraylevelemphasis_iqr,,False
patient_original_glszm_largearealowgraylevelemphasis_max,original_glszm_largearealowgraylevelemphasis_max,ext_original_glszm_LargeAreaLowGrayLevelEmphasis_max,True
patient_original_glszm_largearealowgraylevelemphasis_mean,original_glszm_largearealowgraylevelemphasis_mean,ext_original_glszm_LargeAreaLowGrayLevelEmphasis_mean,True
patient_original_glszm_largearealowgraylevelemphasis_min,original_glszm_largearealowgraylevelemphasis_min,ext_original_glszm_LargeAreaLowGrayLevelEmphasis_min,True
patient_original_glszm_largearealowgraylevelemphasis_std,original_glszm_largearealowgraylevelemphasis_std,ext_original_glszm_LargeAreaLowGrayLevelEmphasis_std,True
patient_original_glszm_lowgraylevelzoneemphasis_cv,original_glszm_lowgraylevelzoneemphasis_cv,,False
patient_original_glszm_lowgraylevelzoneemphasis_iqr,original_glszm_lowgraylevelzoneemphasis_iqr,,False
patient_original_glszm_lowgraylevelzoneemphasis_max,original_glszm_lowgraylevelzoneemphasis_max,ext_original_glszm_LowGrayLevelZoneEmphasis_max,True
patient_original_glszm_lowgraylevelzoneemphasis_mean,original_glszm_lowgraylevelzoneemphasis_mean,ext_original_glszm_LowGrayLevelZoneEmphasis_mean,True
patient_original_glszm_lowgraylevelzoneemphasis_min,original_glszm_lowgraylevelzoneemphasis_min,ext_original_glszm_LowGrayLevelZoneEmphasis_min,True
patient_original_glszm_lowgraylevelzoneemphasis_std,original_glszm_lowgraylevelzoneemphasis_std,ext_original_glszm_LowGrayLevelZoneEmphasis_std,True
patient_original_glszm_sizezonenonuniformity_cv,original_glszm_sizezonenonuniformity_cv,,False
patient_original_glszm_sizezonenonuniformity_iqr,original_glszm_sizezonenonuniformity_iqr,,False
patient_original_glszm_sizezonenonuniformity_max,original_glszm_sizezonenonuniformity_max,ext_original_glszm_SizeZoneNonUniformity_max,True
patient_original_glszm_sizezonenonuniformity_mean,original_glszm_sizezonenonuniformity_mean,ext_original_glszm_SizeZoneNonUniformity_mean,True
patient_original_glszm_sizezonenonuniformity_min,original_glszm_sizezonenonuniformity_min,ext_original_glszm_SizeZoneNonUniformity_min,True
patient_original_glszm_sizezonenonuniformity_std,original_glszm_sizezonenonuniformity_std,ext_original_glszm_SizeZoneNonUniformity_std,True
patient_original_glszm_sizezonenonuniformitynormalized_cv,original_glszm_sizezonenonuniformitynormalized_cv,,False
patient_original_glszm_sizezonenonuniformitynormalized_iqr,original_glszm_sizezonenonuniformitynormalized_iqr,,False
patient_original_glszm_sizezonenonuniformitynormalized_max,original_glszm_sizezonenonuniformitynormalized_max,ext_original_glszm_SizeZoneNonUniformityNormalized_max,True
patient_original_glszm_sizezonenonuniformitynormalized_mean,original_glszm_sizezonenonuniformitynormalized_mean,ext_original_glszm_SizeZoneNonUniformityNormalized_mean,True
patient_original_glszm_sizezonenonuniformitynormalized_min,original_glszm_sizezonenonuniformitynormalized_min,ext_original_glszm_SizeZoneNonUniformityNormalized_min,True
patient_original_glszm_sizezonenonuniformitynormalized_std,original_glszm_sizezonenonuniformitynormalized_std,ext_original_glszm_SizeZoneNonUniformityNormalized_std,True
patient_original_glszm_smallareaemphasis_cv,original_glszm_smallareaemphasis_cv,,False
patient_original_glszm_smallareaemphasis_iqr,original_glszm_smallareaemphasis_iqr,,False
patient_original_glszm_smallareaemphasis_max,original_glszm_smallareaemphasis_max,ext_original_glszm_SmallAreaEmphasis_max,True
patient_original_glszm_smallareaemphasis_mean,original_glszm_smallareaemphasis_mean,ext_original_glszm_SmallAreaEmphasis_mean,True
patient_original_glszm_smallareaemphasis_min,original_glszm_smallareaemphasis_min,ext_original_glszm_SmallAreaEmphasis_min,True
patient_original_glszm_smallareaemphasis_std,original_glszm_smallareaemphasis_std,ext_original_glszm_SmallAreaEmphasis_std,True
patient_original_glszm_smallareahighgraylevelemphasis_cv,original_glszm_smallareahighgraylevelemphasis_cv,,False
patient_original_glszm_smallareahighgraylevelemphasis_iqr,original_glszm_smallareahighgraylevelemphasis_iqr,,False
patient_original_glszm_smallareahighgraylevelemphasis_max,original_glszm_smallareahighgraylevelemphasis_max,ext_original_glszm_SmallAreaHighGrayLevelEmphasis_max,True
patient_original_glszm_smallareahighgraylevelemphasis_mean,original_glszm_smallareahighgraylevelemphasis_mean,ext_original_glszm_SmallAreaHighGrayLevelEmphasis_mean,True
patient_original_glszm_smallareahighgraylevelemphasis_min,original_glszm_smallareahighgraylevelemphasis_min,ext_original_glszm_SmallAreaHighGrayLevelEmphasis_min,True
patient_original_glszm_smallareahighgraylevelemphasis_std,original_glszm_smallareahighgraylevelemphasis_std,ext_original_glszm_SmallAreaHighGrayLevelEmphasis_std,True
patient_original_glszm_smallarealowgraylevelemphasis_cv,original_glszm_smallarealowgraylevelemphasis_cv,,False
patient_original_glszm_smallarealowgraylevelemphasis_iqr,original_glszm_smallarealowgraylevelemphasis_iqr,,False
patient_original_glszm_smallarealowgraylevelemphasis_max,original_glszm_smallarealowgraylevelemphasis_max,ext_original_glszm_SmallAreaLowGrayLevelEmphasis_max,True
patient_original_glszm_smallarealowgraylevelemphasis_mean,original_glszm_smallarealowgraylevelemphasis_mean,ext_original_glszm_SmallAreaLowGrayLevelEmphasis_mean,True
patient_original_glszm_smallarealowgraylevelemphasis_min,original_glszm_smallarealowgraylevelemphasis_min,ext_original_glszm_SmallAreaLowGrayLevelEmphasis_min,True
patient_original_glszm_smallarealowgraylevelemphasis_std,original_glszm_smallarealowgraylevelemphasis_std,ext_original_glszm_SmallAreaLowGrayLevelEmphasis_std,True
patient_original_glszm_zoneentropy_cv,original_glszm_zoneentropy_cv,,False
patient_original_glszm_zoneentropy_iqr,original_glszm_zoneentropy_iqr,,False
patient_original_glszm_zoneentropy_max,original_glszm_zoneentropy_max,ext_original_glszm_ZoneEntropy_max,True
patient_original_glszm_zoneentropy_mean,original_glszm_zoneentropy_mean,ext_original_glszm_ZoneEntropy_mean,True
patient_original_glszm_zoneentropy_min,original_glszm_zoneentropy_min,ext_original_glszm_ZoneEntropy_min,True
patient_original_glszm_zoneentropy_std,original_glszm_zoneentropy_std,ext_original_glszm_ZoneEntropy_std,True
patient_original_glszm_zonepercentage_cv,original_glszm_zonepercentage_cv,,False
patient_original_glszm_zonepercentage_iqr,original_glszm_zonepercentage_iqr,,False
patient_original_glszm_zonepercentage_max,original_glszm_zonepercentage_max,ext_original_glszm_ZonePercentage_max,True
patient_original_glszm_zonepercentage_mean,original_glszm_zonepercentage_mean,ext_original_glszm_ZonePercentage_mean,True
patient_original_glszm_zonepercentage_min,original_glszm_zonepercentage_min,ext_original_glszm_ZonePercentage_min,True
patient_original_glszm_zonepercentage_std,original_glszm_zonepercentage_std,ext_original_glszm_ZonePercentage_std,True
patient_original_glszm_zonevariance_cv,original_glszm_zonevariance_cv,,False
patient_original_glszm_zonevariance_iqr,original_glszm_zonevariance_iqr,,False
patient_original_glszm_zonevariance_max,original_glszm_zonevariance_max,ext_original_glszm_ZoneVariance_max,True
patient_original_glszm_zonevariance_mean,original_glszm_zonevariance_mean,ext_original_glszm_ZoneVariance_mean,True
patient_original_glszm_zonevariance_min,original_glszm_zonevariance_min,ext_original_glszm_ZoneVariance_min,True
patient_original_glszm_zonevariance_std,original_glszm_zonevariance_std,ext_original_glszm_ZoneVariance_std,True
patient_original_ngtdm_busyness_cv,original_ngtdm_busyness_cv,,False
patient_original_ngtdm_busyness_iqr,original_ngtdm_busyness_iqr,,False
patient_original_ngtdm_busyness_max,original_ngtdm_busyness_max,ext_original_ngtdm_Busyness_max,True
patient_original_ngtdm_busyness_mean,original_ngtdm_busyness_mean,ext_original_ngtdm_Busyness_mean,True
patient_original_ngtdm_busyness_min,original_ngtdm_busyness_min,ext_original_ngtdm_Busyness_min,True
patient_original_ngtdm_busyness_std,original_ngtdm_busyness_std,ext_original_ngtdm_Busyness_std,True
patient_original_ngtdm_coarseness_cv,original_ngtdm_coarseness_cv,,False
patient_original_ngtdm_coarseness_iqr,original_ngtdm_coarseness_iqr,,False
patient_original_ngtdm_coarseness_max,original_ngtdm_coarseness_max,ext_original_ngtdm_Coarseness_max,True
patient_original_ngtdm_coarseness_mean,original_ngtdm_coarseness_mean,ext_original_ngtdm_Coarseness_mean,True
patient_original_ngtdm_coarseness_min,original_ngtdm_coarseness_min,ext_original_ngtdm_Coarseness_min,True
patient_original_ngtdm_coarseness_std,original_ngtdm_coarseness_std,ext_original_ngtdm_Coarseness_std,True
patient_original_ngtdm_complexity_cv,original_ngtdm_complexity_cv,,False
patient_original_ngtdm_complexity_iqr,original_ngtdm_complexity_iqr,,False
patient_original_ngtdm_complexity_max,original_ngtdm_complexity_max,ext_original_ngtdm_Complexity_max,True
patient_original_ngtdm_complexity_mean,original_ngtdm_complexity_mean,ext_original_ngtdm_Complexity_mean,True
patient_original_ngtdm_complexity_min,original_ngtdm_complexity_min,ext_original_ngtdm_Complexity_min,True
patient_original_ngtdm_complexity_std,original_ngtdm_complexity_std,ext_original_ngtdm_Complexity_std,True
patient_original_ngtdm_contrast_cv,original_ngtdm_contrast_cv,,False
patient_original_ngtdm_contrast_iqr,original_ngtdm_contrast_iqr,,False
patient_original_ngtdm_contrast_max,original_ngtdm_contrast_max,ext_original_ngtdm_Contrast_max,True
patient_original_ngtdm_contrast_mean,original_ngtdm_contrast_mean,ext_original_ngtdm_Contrast_mean,True
patient_original_ngtdm_contrast_min,original_ngtdm_contrast_min,ext_original_ngtdm_Contrast_min,True
patient_original_ngtdm_contrast_std,original_ngtdm_contrast_std,ext_original_ngtdm_Contrast_std,True
patient_original_ngtdm_strength_cv,original_ngtdm_strength_cv,,False
patient_original_ngtdm_strength_iqr,original_ngtdm_strength_iqr,,False
patient_original_ngtdm_strength_max,original_ngtdm_strength_max,ext_original_ngtdm_Strength_max,True
patient_original_ngtdm_strength_mean,original_ngtdm_strength_mean,ext_original_ngtdm_Strength_mean,True
patient_original_ngtdm_strength_min,original_ngtdm_strength_min,ext_original_ngtdm_Strength_min,True
patient_original_ngtdm_strength_std,original_ngtdm_strength_std,ext_original_ngtdm_Strength_std,True
patient_original_shape_elongation_cv,original_shape_elongation_cv,,False
patient_original_shape_elongation_iqr,original_shape_elongation_iqr,,False
patient_original_shape_elongation_max,original_shape_elongation_max,ext_original_shape_Elongation_max,True
patient_original_shape_elongation_mean,original_shape_elongation_mean,ext_original_shape_Elongation_mean,True
patient_original_shape_elongation_min,original_shape_elongation_min,ext_original_shape_Elongation_min,True
patient_original_shape_elongation_std,original_shape_elongation_std,ext_original_shape_Elongation_std,True
patient_original_shape_flatness_cv,original_shape_flatness_cv,,False
patient_original_shape_flatness_iqr,original_shape_flatness_iqr,,False
patient_original_shape_flatness_max,original_shape_flatness_max,ext_original_shape_Flatness_max,True
patient_original_shape_flatness_mean,original_shape_flatness_mean,ext_original_shape_Flatness_mean,True
patient_original_shape_flatness_min,original_shape_flatness_min,ext_original_shape_Flatness_min,True
patient_original_shape_flatness_std,original_shape_flatness_std,ext_original_shape_Flatness_std,True
patient_original_shape_leastaxislength_cv,original_shape_leastaxislength_cv,,False
patient_original_shape_leastaxislength_iqr,original_shape_leastaxislength_iqr,,False
patient_original_shape_leastaxislength_max,original_shape_leastaxislength_max,ext_original_shape_LeastAxisLength_max,True
patient_original_shape_leastaxislength_mean,original_shape_leastaxislength_mean,ext_original_shape_LeastAxisLength_mean,True
patient_original_shape_leastaxislength_min,original_shape_leastaxislength_min,ext_original_shape_LeastAxisLength_min,True
patient_original_shape_leastaxislength_std,original_shape_leastaxislength_std,ext_original_shape_LeastAxisLength_std,True
patient_original_shape_majoraxislength_cv,original_shape_majoraxislength_cv,,False
patient_original_shape_majoraxislength_iqr,original_shape_majoraxislength_iqr,,False
patient_original_shape_majoraxislength_max,original_shape_majoraxislength_max,ext_original_shape_MajorAxisLength_max,True
patient_original_shape_majoraxislength_mean,original_shape_majoraxislength_mean,ext_original_shape_MajorAxisLength_mean,True
patient_original_shape_majoraxislength_min,original_shape_majoraxislength_min,ext_original_shape_MajorAxisLength_min,True
patient_original_shape_majoraxislength_std,original_shape_majoraxislength_std,ext_original_shape_MajorAxisLength_std,True
patient_original_shape_maximum2ddiametercolumn_cv,original_shape_maximum2ddiametercolumn_cv,,False
patient_original_shape_maximum2ddiametercolumn_iqr,original_shape_maximum2ddiametercolumn_iqr,,False
patient_original_shape_maximum2ddiametercolumn_max,original_shape_maximum2ddiametercolumn_max,ext_original_shape_Maximum2DDiameterColumn_max,True
patient_original_shape_maximum2ddiametercolumn_mean,original_shape_maximum2ddiametercolumn_mean,ext_original_shape_Maximum2DDiameterColumn_mean,True
patient_original_shape_maximum2ddiametercolumn_min,original_shape_maximum2ddiametercolumn_min,ext_original_shape_Maximum2DDiameterColumn_min,True
patient_original_shape_maximum2ddiametercolumn_std,original_shape_maximum2ddiametercolumn_std,ext_original_shape_Maximum2DDiameterColumn_std,True
patient_original_shape_maximum2ddiameterrow_cv,original_shape_maximum2ddiameterrow_cv,,False
patient_original_shape_maximum2ddiameterrow_iqr,original_shape_maximum2ddiameterrow_iqr,,False
patient_original_shape_maximum2ddiameterrow_max,original_shape_maximum2ddiameterrow_max,ext_original_shape_Maximum2DDiameterRow_max,True
patient_original_shape_maximum2ddiameterrow_mean,original_shape_maximum2ddiameterrow_mean,ext_original_shape_Maximum2DDiameterRow_mean,True
patient_original_shape_maximum2ddiameterrow_min,original_shape_maximum2ddiameterrow_min,ext_original_shape_Maximum2DDiameterRow_min,True
patient_original_shape_maximum2ddiameterrow_std,original_shape_maximum2ddiameterrow_std,ext_original_shape_Maximum2DDiameterRow_std,True
patient_original_shape_maximum2ddiameterslice_cv,original_shape_maximum2ddiameterslice_cv,,False
patient_original_shape_maximum2ddiameterslice_iqr,original_shape_maximum2ddiameterslice_iqr,,False
patient_original_shape_maximum2ddiameterslice_max,original_shape_maximum2ddiameterslice_max,ext_original_shape_Maximum2DDiameterSlice_max,True
patient_original_shape_maximum2ddiameterslice_mean,original_shape_maximum2ddiameterslice_mean,ext_original_shape_Maximum2DDiameterSlice_mean,True
patient_original_shape_maximum2ddiameterslice_min,original_shape_maximum2ddiameterslice_min,ext_original_shape_Maximum2DDiameterSlice_min,True
patient_original_shape_maximum2ddiameterslice_std,original_shape_maximum2ddiameterslice_std,ext_original_shape_Maximum2DDiameterSlice_std,True
patient_original_shape_maximum3ddiameter_cv,original_shape_maximum3ddiameter_cv,,False
patient_original_shape_maximum3ddiameter_iqr,original_shape_maximum3ddiameter_iqr,,False
patient_original_shape_maximum3ddiameter_max,original_shape_maximum3ddiameter_max,ext_original_shape_Maximum3DDiameter_max,True
patient_original_shape_maximum3ddiameter_mean,original_shape_maximum3ddiameter_mean,ext_original_shape_Maximum3DDiameter_mean,True
patient_original_shape_maximum3ddiameter_min,original_shape_maximum3ddiameter_min,ext_original_shape_Maximum3DDiameter_min,True
patient_original_shape_maximum3ddiameter_std,original_shape_maximum3ddiameter_std,ext_original_shape_Maximum3DDiameter_std,True
patient_original_shape_meshvolume_cv,original_shape_meshvolume_cv,,False
patient_original_shape_meshvolume_iqr,original_shape_meshvolume_iqr,,False
patient_original_shape_meshvolume_max,original_shape_meshvolume_max,ext_original_shape_MeshVolume_max,True
patient_original_shape_meshvolume_mean,original_shape_meshvolume_mean,ext_original_shape_MeshVolume_mean,True
patient_original_shape_meshvolume_min,original_shape_meshvolume_min,ext_original_shape_MeshVolume_min,True
patient_original_shape_meshvolume_std,original_shape_meshvolume_std,ext_original_shape_MeshVolume_std,True
patient_original_shape_minoraxislength_cv,original_shape_minoraxislength_cv,,False
patient_original_shape_minoraxislength_iqr,original_shape_minoraxislength_iqr,,False
patient_original_shape_minoraxislength_max,original_shape_minoraxislength_max,ext_original_shape_MinorAxisLength_max,True
patient_original_shape_minoraxislength_mean,original_shape_minoraxislength_mean,ext_original_shape_MinorAxisLength_mean,True
patient_original_shape_minoraxislength_min,original_shape_minoraxislength_min,ext_original_shape_MinorAxisLength_min,True
patient_original_shape_minoraxislength_std,original_shape_minoraxislength_std,ext_original_shape_MinorAxisLength_std,True
patient_original_shape_sphericity_cv,original_shape_sphericity_cv,,False
patient_original_shape_sphericity_iqr,original_shape_sphericity_iqr,,False
patient_original_shape_sphericity_max,original_shape_sphericity_max,ext_original_shape_Sphericity_max,True
patient_original_shape_sphericity_mean,original_shape_sphericity_mean,ext_original_shape_Sphericity_mean,True
patient_original_shape_sphericity_min,original_shape_sphericity_min,ext_original_shape_Sphericity_min,True
patient_original_shape_sphericity_std,original_shape_sphericity_std,ext_original_shape_Sphericity_std,True
patient_original_shape_surfacearea_cv,original_shape_surfacearea_cv,,False
patient_original_shape_surfacearea_iqr,original_shape_surfacearea_iqr,,False
patient_original_shape_surfacearea_max,original_shape_surfacearea_max,ext_original_shape_SurfaceArea_max,True
patient_original_shape_surfacearea_mean,original_shape_surfacearea_mean,ext_original_shape_SurfaceArea_mean,True
patient_original_shape_surfacearea_min,original_shape_surfacearea_min,ext_original_shape_SurfaceArea_min,True
patient_original_shape_surfacearea_std,original_shape_surfacearea_std,ext_original_shape_SurfaceArea_std,True
patient_original_shape_surfacevolumeratio_cv,original_shape_surfacevolumeratio_cv,,False
patient_original_shape_surfacevolumeratio_iqr,original_shape_surfacevolumeratio_iqr,,False
patient_original_shape_surfacevolumeratio_max,original_shape_surfacevolumeratio_max,ext_original_shape_SurfaceVolumeRatio_max,True
patient_original_shape_surfacevolumeratio_mean,original_shape_surfacevolumeratio_mean,ext_original_shape_SurfaceVolumeRatio_mean,True
patient_original_shape_surfacevolumeratio_min,original_shape_surfacevolumeratio_min,ext_original_shape_SurfaceVolumeRatio_min,True
patient_original_shape_surfacevolumeratio_std,original_shape_surfacevolumeratio_std,ext_original_shape_SurfaceVolumeRatio_std,True
patient_original_shape_voxelvolume_cv,original_shape_voxelvolume_cv,,False
patient_original_shape_voxelvolume_iqr,original_shape_voxelvolume_iqr,,False
patient_original_shape_voxelvolume_max,original_shape_voxelvolume_max,ext_original_shape_VoxelVolume_max,True
patient_original_shape_voxelvolume_mean,original_shape_voxelvolume_mean,ext_original_shape_VoxelVolume_mean,True
patient_original_shape_voxelvolume_min,original_shape_voxelvolume_min,ext_original_shape_VoxelVolume_min,True
patient_original_shape_voxelvolume_std,original_shape_voxelvolume_std,ext_original_shape_VoxelVolume_std,True
