scope,target,target_display,model_a,model_b,n_paired,n_positive,n_negative,AUROC_a,AUROC_b,AUROC_diff_a_minus_b,bootstrap_diff_ci95_lower,bootstrap_diff_ci95_upper,bootstrap_p_two_sided,bootstrap_n_valid,delong_p,delong_status,delong_auc_a,delong_auc_b,bootstrap_p_two_sided_fdr_bh,delong_p_fdr_bh
internal_locked_test,target_er,ER,all_features|eb_combat|pls_logistic,all_features|simple_combat|pls_logistic,16,7,9,0.7619047619047619,0.3968253968253968,0.36507936507936506,0.018143939393939414,0.7143452380952383,0.042652449183605466,3000,0.03537922971753445,ok,0.7619047619047621,0.39682539682539686,0.20743085638120626,0.2071284514427394
internal_locked_test,target_er,ER,all_features|eb_combat|pls_logistic,all_features|none|pls_logistic,16,7,9,0.7619047619047619,0.4285714285714286,0.33333333333333326,0.04153409090909092,0.6333333333333333,0.031322892369210265,3000,0.025874997676242805,ok,0.7619047619047621,0.4285714285714286,0.20743085638120626,0.2071284514427394
internal_locked_test,target_er,ER,all_features|eb_combat|pls_logistic,radiomics_pure|simple_combat|pls_logistic,16,7,9,0.7619047619047619,0.4761904761904762,0.28571428571428564,-0.047678571428571515,0.6191964285714291,0.10129956681106297,3000,0.09845850237758408,ok,0.7619047619047621,0.4761904761904763,0.256164611796068,0.24948952383704673
internal_locked_test,target_er,ER,radiomics_pure|eb_combat|pls_logistic,radiomics_pure|simple_combat|pls_logistic,16,7,9,0.7301587301587302,0.4761904761904762,0.253968253968254,-0.07815600198412698,0.5873015873015873,0.13662112629123627,3000,0.13739482585580087,ok,0.7301587301587302,0.4761904761904763,0.256164611796068,0.2576152984796266
internal_locked_test,target_er,ER,all_features|eb_combat|pls_logistic,radiomics_pure|none|pls_logistic,16,7,9,0.7619047619047619,0.6031746031746033,0.1587301587301586,-0.033333333333333326,0.375,0.13062312562479172,3000,0.09979580953481869,ok,0.7619047619047621,0.6031746031746033,0.256164611796068,0.24948952383704673
internal_locked_test,target_er,ER,radiomics_pure|none|pls_logistic,radiomics_pure|simple_combat|pls_logistic,16,7,9,0.6031746031746033,0.4761904761904762,0.12698412698412703,-0.1904761904761904,0.4363636363636364,0.4525158280573142,3000,0.4353313243498492,ok,0.6031746031746033,0.4761904761904763,0.6170670382599739,0.5441641554373116
internal_locked_test,target_er,ER,radiomics_pure|eb_combat|pls_logistic,radiomics_pure|none|pls_logistic,16,7,9,0.7301587301587302,0.6031746031746033,0.12698412698412698,-0.04761904761904767,0.3492063492063492,0.20793068977007664,3000,0.181915877434649,ok,0.7301587301587302,0.6031746031746033,0.31189603465511495,0.29206956320534677
internal_locked_test,target_er,ER,all_features|none|pls_logistic,all_features|simple_combat|pls_logistic,16,7,9,0.4285714285714286,0.3968253968253968,0.0317460317460318,-0.15873015873015872,0.2545920745920748,0.8937020993002333,3000,0.7456027889274617,ok,0.4285714285714286,0.39682539682539686,0.8937020993002333,0.7948240223757946
internal_locked_test,target_er,ER,all_features|eb_combat|pls_logistic,radiomics_pure|eb_combat|pls_logistic,16,7,9,0.7619047619047619,0.7301587301587302,0.03174603174603163,0.0,0.1428571428571429,0.8510496501166278,3000,0.4008141693829334,ok,0.7619047619047621,0.7301587301587302,0.8937020993002333,0.5441641554373116
internal_locked_test,target_er,ER,all_features|none|pls_logistic,radiomics_pure|simple_combat|pls_logistic,16,7,9,0.4285714285714286,0.4761904761904762,-0.047619047619047616,-0.4126984126984126,0.3125,0.7997334221926025,3000,0.7948240223757946,ok,0.4285714285714286,0.4761904761904763,0.8937020993002333,0.7948240223757946
internal_locked_test,target_er,ER,all_features|simple_combat|pls_logistic,radiomics_pure|simple_combat|pls_logistic,16,7,9,0.3968253968253968,0.4761904761904762,-0.07936507936507942,-0.421875,0.28127003205128215,0.6631122959013662,3000,0.6601849809987845,ok,0.39682539682539686,0.4761904761904763,0.8288903698767078,0.7617519011524436
internal_locked_test,target_er,ER,all_features|none|pls_logistic,radiomics_pure|none|pls_logistic,16,7,9,0.4285714285714286,0.6031746031746033,-0.17460317460317465,-0.43333333333333324,0.046875,0.1299566811062979,3000,0.12623824177071247,ok,0.4285714285714286,0.6031746031746033,0.256164611796068,0.2576152984796266
internal_locked_test,target_er,ER,all_features|simple_combat|pls_logistic,radiomics_pure|none|pls_logistic,16,7,9,0.3968253968253968,0.6031746031746033,-0.20634920634920645,-0.5396825396825398,0.11125000000000056,0.1979340219926691,3000,0.19471304213689783,ok,0.39682539682539686,0.6031746031746033,0.31189603465511495,0.29206956320534677
internal_locked_test,target_er,ER,all_features|none|pls_logistic,radiomics_pure|eb_combat|pls_logistic,16,7,9,0.4285714285714286,0.7301587301587302,-0.3015873015873016,-0.6167045454545454,-0.015873015873015924,0.04465178273908697,3000,0.05247949955924664,ok,0.4285714285714286,0.7301587301587302,0.20743085638120626,0.2071284514427394
internal_locked_test,target_er,ER,all_features|simple_combat|pls_logistic,radiomics_pure|eb_combat|pls_logistic,16,7,9,0.3968253968253968,0.7301587301587302,-0.3333333333333334,-0.6825595238095238,1.3877787807864944e-18,0.055314895034988334,3000,0.05523425371806384,ok,0.39682539682539686,0.7301587301587302,0.20743085638120626,0.2071284514427394
internal_locked_test,target_her2,HER2,all_features|simple_combat|pls_logistic,radiomics_pure|eb_combat|pls_logistic,17,9,8,0.5,0.4722222222222222,0.02777777777777779,0.0,0.11111111111111105,0.6457847384205265,3000,0.282580109315006,ok,0.5,0.4722222222222223,1.0,1.0
internal_locked_test,target_her2,HER2,all_features|simple_combat|pls_logistic,radiomics_pure|none|pls_logistic,17,9,8,0.5,0.48611111111111105,0.01388888888888895,-0.05769230769230771,0.09999999999999998,0.9376874375208264,3000,0.695679616399784,ok,0.5,0.48611111111111116,1.0,1.0
internal_locked_test,target_her2,HER2,all_features|eb_combat|pls_logistic,all_features|none|pls_logistic,17,9,8,0.4722222222222222,0.4722222222222222,0.0,-0.07692307692307687,0.06949404761904783,1.0,3000,1.0,ok,0.4722222222222223,0.4722222222222223,1.0,1.0
internal_locked_test,target_her2,HER2,all_features|eb_combat|pls_logistic,radiomics_pure|eb_combat|pls_logistic,17,9,8,0.4722222222222222,0.4722222222222222,0.0,0.0,0.0,1.0,3000,,ok,0.4722222222222223,0.4722222222222223,1.0,
internal_locked_test,target_her2,HER2,all_features|none|pls_logistic,radiomics_pure|eb_combat|pls_logistic,17,9,8,0.4722222222222222,0.4722222222222222,0.0,-0.06949404761904764,0.07692307692307687,1.0,3000,1.0,ok,0.4722222222222223,0.4722222222222223,1.0,1.0
internal_locked_test,target_her2,HER2,all_features|simple_combat|pls_logistic,radiomics_pure|simple_combat|pls_logistic,17,9,8,0.5,0.5,0.0,-0.07575757575757575,0.0714285714285714,1.0,3000,1.0,ok,0.5,0.5,1.0,1.0
internal_locked_test,target_her2,HER2,all_features|eb_combat|pls_logistic,radiomics_pure|none|pls_logistic,17,9,8,0.4722222222222222,0.48611111111111105,-0.01388888888888884,-0.12508928571428574,0.09090909090909088,0.9270243252249251,3000,0.784378901614976,ok,0.4722222222222223,0.48611111111111116,1.0,1.0
internal_locked_test,target_her2,HER2,all_features|none|pls_logistic,radiomics_pure|none|pls_logistic,17,9,8,0.4722222222222222,0.48611111111111105,-0.01388888888888884,-0.1499999999999999,0.09090909090909094,1.0,3000,0.8132997333422022,ok,0.4722222222222223,0.48611111111111116,1.0,1.0
internal_locked_test,target_her2,HER2,radiomics_pure|eb_combat|pls_logistic,radiomics_pure|none|pls_logistic,17,9,8,0.4722222222222222,0.48611111111111105,-0.01388888888888884,-0.12508928571428574,0.09090909090909088,0.9276907697434189,3000,0.784378901614976,ok,0.4722222222222223,0.48611111111111116,1.0,1.0
internal_locked_test,target_her2,HER2,radiomics_pure|none|pls_logistic,radiomics_pure|simple_combat|pls_logistic,17,9,8,0.48611111111111105,0.5,-0.01388888888888895,-0.1166666666666667,0.09999999999999998,0.8457180939686771,3000,0.784378901614976,ok,0.48611111111111116,0.5,1.0,1.0
internal_locked_test,target_her2,HER2,all_features|eb_combat|pls_logistic,all_features|simple_combat|pls_logistic,17,9,8,0.4722222222222222,0.5,-0.02777777777777779,-0.11111111111111105,0.0,0.6444518493835388,3000,0.282580109315006,ok,0.4722222222222223,0.5,1.0,1.0
internal_locked_test,target_her2,HER2,all_features|eb_combat|pls_logistic,radiomics_pure|simple_combat|pls_logistic,17,9,8,0.4722222222222222,0.5,-0.02777777777777779,-0.12869047619047624,0.05555555555555558,0.6891036321226258,3000,0.47851659312140143,ok,0.4722222222222223,0.5,1.0,1.0
internal_locked_test,target_her2,HER2,all_features|none|pls_logistic,all_features|simple_combat|pls_logistic,17,9,8,0.4722222222222222,0.5,-0.02777777777777779,-0.12121212121212122,0.0,0.9050316561146284,3000,0.40424849473947305,ok,0.4722222222222223,0.5,1.0,1.0
internal_locked_test,target_her2,HER2,all_features|none|pls_logistic,radiomics_pure|simple_combat|pls_logistic,17,9,8,0.4722222222222222,0.5,-0.02777777777777779,-0.12121212121212122,0.0,0.870376541152949,3000,0.40278369424647587,ok,0.4722222222222223,0.5,1.0,1.0
internal_locked_test,target_her2,HER2,radiomics_pure|eb_combat|pls_logistic,radiomics_pure|simple_combat|pls_logistic,17,9,8,0.4722222222222222,0.5,-0.02777777777777779,-0.12869047619047624,0.05555555555555558,0.6897700766411197,3000,0.47851659312140143,ok,0.4722222222222223,0.5,1.0,1.0
internal_locked_test,target_pr,PR,radiomics_pure|none|elastic_net_sparse,radiomics_pure|simple_combat|elastic_net_sparse,16,5,11,0.7454545454545454,0.6181818181818183,0.1272727272727271,-0.3547619047619048,0.6407051282051281,0.6613226452905812,2993,0.6150838216194,ok,0.7454545454545454,0.6181818181818183,0.9018036072144288,0.7269172437320182
internal_locked_test,target_pr,PR,all_features|simple_combat|elastic_net_sparse,radiomics_pure|eb_combat|elastic_net_sparse,16,5,11,0.6181818181818183,0.5,0.11818181818181828,-0.25,0.4535714285714275,0.4909819639278557,2993,0.5101408261041019,ok,0.6181818181818183,0.5,0.858383433533734,0.7269172437320182
internal_locked_test,target_pr,PR,all_features|none|elastic_net_sparse,radiomics_pure|eb_combat|elastic_net_sparse,16,5,11,0.6181818181818182,0.5,0.11818181818181817,-0.21794871794871795,0.4285714285714285,0.5150300601202404,2993,0.49082413473472675,ok,0.6181818181818183,0.5,0.858383433533734,0.7269172437320182
internal_locked_test,target_pr,PR,all_features|eb_combat|elastic_net_sparse,radiomics_pure|eb_combat|elastic_net_sparse,16,5,11,0.5,0.5,0.0,0.0,0.0,1.0,2993,,ok,0.5,0.5,1.0,
internal_locked_test,target_pr,PR,all_features|simple_combat|elastic_net_sparse,radiomics_pure|simple_combat|elastic_net_sparse,16,5,11,0.6181818181818183,0.6181818181818183,0.0,0.0,0.0,1.0,2993,,ok,0.6181818181818183,0.6181818181818183,1.0,
internal_locked_test,target_pr,PR,all_features|none|elastic_net_sparse,all_features|simple_combat|elastic_net_sparse,16,5,11,0.6181818181818182,0.6181818181818183,-1.1102230246251565e-16,-0.5391025641025642,0.5636363636363636,0.9853039412157648,2993,1.0,ok,0.6181818181818183,0.6181818181818183,1.0,1.0
internal_locked_test,target_pr,PR,all_features|none|elastic_net_sparse,radiomics_pure|simple_combat|elastic_net_sparse,16,5,11,0.6181818181818182,0.6181818181818183,-1.1102230246251565e-16,-0.5391025641025642,0.5636363636363636,0.9853039412157648,2993,1.0,ok,0.6181818181818183,0.6181818181818183,1.0,1.0
internal_locked_test,target_pr,PR,all_features|eb_combat|elastic_net_sparse,all_features|none|elastic_net_sparse,16,5,11,0.5,0.6181818181818182,-0.11818181818181817,-0.4285714285714285,0.21794871794871795,0.5150300601202404,2993,0.49082413473472675,ok,0.5,0.6181818181818183,0.858383433533734,0.7269172437320182
internal_locked_test,target_pr,PR,all_features|eb_combat|elastic_net_sparse,all_features|simple_combat|elastic_net_sparse,16,5,11,0.5,0.6181818181818183,-0.11818181818181828,-0.4535714285714286,0.25,0.4909819639278557,2993,0.5101408261041019,ok,0.5,0.6181818181818183,0.858383433533734,0.7269172437320182
internal_locked_test,target_pr,PR,all_features|eb_combat|elastic_net_sparse,radiomics_pure|simple_combat|elastic_net_sparse,16,5,11,0.5,0.6181818181818183,-0.11818181818181828,-0.4535714285714286,0.25,0.4909819639278557,2993,0.5101408261041019,ok,0.5,0.6181818181818183,0.858383433533734,0.7269172437320182
internal_locked_test,target_pr,PR,radiomics_pure|eb_combat|elastic_net_sparse,radiomics_pure|simple_combat|elastic_net_sparse,16,5,11,0.5,0.6181818181818183,-0.11818181818181828,-0.4535714285714286,0.25,0.4909819639278557,2993,0.5101408261041019,ok,0.5,0.6181818181818183,0.858383433533734,0.7269172437320182
internal_locked_test,target_pr,PR,all_features|simple_combat|elastic_net_sparse,radiomics_pure|none|elastic_net_sparse,16,5,11,0.6181818181818183,0.7454545454545454,-0.1272727272727271,-0.6407051282051281,0.3547619047619042,0.6613226452905812,2993,0.6150838216194,ok,0.6181818181818183,0.7454545454545454,0.9018036072144288,0.7269172437320182
internal_locked_test,target_pr,PR,all_features|none|elastic_net_sparse,radiomics_pure|none|elastic_net_sparse,16,5,11,0.6181818181818182,0.7454545454545454,-0.1272727272727272,-0.4,0.12820512820512825,0.3580494321977288,2993,0.3212290624511895,ok,0.6181818181818183,0.7454545454545454,0.858383433533734,0.7269172437320182
internal_locked_test,target_pr,PR,all_features|eb_combat|elastic_net_sparse,radiomics_pure|none|elastic_net_sparse,16,5,11,0.5,0.7454545454545454,-0.24545454545454537,-0.5,0.125,0.1790247160988644,2993,0.14311729825820174,ok,0.5,0.7454545454545454,0.858383433533734,0.7269172437320182
internal_locked_test,target_pr,PR,radiomics_pure|eb_combat|elastic_net_sparse,radiomics_pure|none|elastic_net_sparse,16,5,11,0.5,0.7454545454545454,-0.24545454545454537,-0.5,0.125,0.1790247160988644,2993,0.14311729825820174,ok,0.5,0.7454545454545454,0.858383433533734,0.7269172437320182
